Workbook

Sheet Cockpit
B1: Cockpit – Lagerlift-Belegung & MAX-Bestand nach Lagerumschlag
B2: ="Verbrauchsbasis: "&TEXT(MONTH(Parameter!B15),"00")&"."&YEAR(Parameter!B15)&" – "&TEXT(MONTH(Parameter!B16),"00")&"."&YEAR(Parameter!B16)&" · Ist-Bestand: "&Parameter!B20&" · Kapazität "&Parameter!E8&" Tablare (Füllgrad über Gebinde je Tablar)" -> Verbrauchsbasis: 01.2025 – 12.2025 · Ist-Bestand: Jahresanfang 2025 + Export · Kapazität 150 Tablare (Füllgrad über Gebinde je Tablar)
B3: Gelbe Felder = Regler. Auslastung: grün < 85 %, orange 85–100 %, rot > 100 %.
B4: Ansicht 1 | H4: Ansicht 2 | N4: Ansicht 3
B5: Variante | C5: A – Ist-Bestand | H5: Variante | I5: C – Ziel-LU oder Ist | N5: Variante | O5: C – Ziel-LU oder Ist
B6: Ziel-LU | C6: 2 | D6: (bei A ohne Wirkung) | H6: Ziel-LU | I6: 2 | J6: (bei A ohne Wirkung) | N6: Ziel-LU | O6: 3 | P6: (bei A ohne Wirkung)
B8: Bereich | C8: Tablare Bedarf | D8: Tablare vorhanden | E8: Tablare frei | F8: Füllgrad | H8: Bereich | I8: Tablare Bedarf | J8: Tablare vorhanden | K8: Tablare frei | L8: Füllgrad | N8: Bereich | O8: Tablare Bedarf | P8: Tablare vorhanden | Q8: Tablare frei | R8: Füllgrad
B9: Lift 1 – Schwer | C9: =SUMIFS(Artikel!$AH$7:$AH$1843,Artikel!$BX$7:$BX$1843,1) -> 54.032887 | D9: =Parameter!$E$5 -> 50 | E9: =D9-C9 -> -4.0328874 | F9: =IF(D9>0,C9/D9,0) -> 1.0806577 | H9: Lift 1 – Schwer | I9: =SUMIFS(Artikel!$AP$7:$AP$1843,Artikel!$BX$7:$BX$1843,1) -> 70.99305 | J9: =Parameter!$E$5 -> 50 | K9: =J9-I9 -> -20.99305 | L9: =IF(J9>0,I9/J9,0) -> 1.419861 | N9: Lift 1 – Schwer | O9: =SUMIFS(Artikel!$AX$7:$AX$1843,Artikel!$BX$7:$BX$1843,1) -> 64.659861 | P9: =Parameter!$E$5 -> 50 | Q9: =P9-O9 -> -14.659861 | R9: =IF(P9>0,O9/P9,0) -> 1.2931972
B10: Lift 2 – Mittel | C10: =SUMIFS(Artikel!$AH$7:$AH$1843,Artikel!$BX$7:$BX$1843,2) -> 66.674242 | D10: =Parameter!$E$6 -> 50 | E10: =D10-C10 -> -16.674242 | F10: =IF(D10>0,C10/D10,0) -> 1.3334848 | H10: Lift 2 – Mittel | I10: =SUMIFS(Artikel!$AP$7:$AP$1843,Artikel!$BX$7:$BX$1843,2) -> 103.17424 | J10: =Parameter!$E$6 -> 50 | K10: =J10-I10 -> -53.174242 | L10: =IF(J10>0,I10/J10,0) -> 2.0634848 | N10: Lift 2 – Mittel | O10: =SUMIFS(Artikel!$AX$7:$AX$1843,Artikel!$BX$7:$BX$1843,2) -> 95.007576 | P10: =Parameter!$E$6 -> 50 | Q10: =P10-O10 -> -45.007576 | R10: =IF(P10>0,O10/P10,0) -> 1.9001515
B11: Lift 3 – Klein | C11: =SUMIFS(Artikel!$AH$7:$AH$1843,Artikel!$BX$7:$BX$1843,3) -> 30.207459 | D11: =Parameter!$E$7 -> 50 | E11: =D11-C11 -> 19.792541 | F11: =IF(D11>0,C11/D11,0) -> 0.60414918 | H11: Lift 3 – Klein | I11: =SUMIFS(Artikel!$AP$7:$AP$1843,Artikel!$BX$7:$BX$1843,3) -> 39.072903 | J11: =Parameter!$E$7 -> 50 | K11: =J11-I11 -> 10.927097 | L11: =IF(J11>0,I11/J11,0) -> 0.78145806 | N11: Lift 3 – Klein | O11: =SUMIFS(Artikel!$AX$7:$AX$1843,Artikel!$BX$7:$BX$1843,3) -> 38.069406 | P11: =Parameter!$E$7 -> 50 | Q11: =P11-O11 -> 11.930594 | R11: =IF(P11>0,O11/P11,0) -> 0.76138813
B12: Lift 2 + 3 gemeinsam (KTL/PAL) | C12: =C10+C11 -> 96.881702 | D12: =D10+D11 -> 100 | E12: =D12-C12 -> 3.1182984 | F12: =IF(D12>0,C12/D12,0) -> 0.96881702 | H12: Lift 2 + 3 gemeinsam (KTL/PAL) | I12: =I10+I11 -> 142.24715 | J12: =J10+J11 -> 100 | K12: =J12-I12 -> -42.247145 | L12: =IF(J12>0,I12/J12,0) -> 1.4224715 | N12: Lift 2 + 3 gemeinsam (KTL/PAL) | O12: =O10+O11 -> 133.07698 | P12: =P10+P11 -> 100 | Q12: =P12-O12 -> -33.076982 | R12: =IF(P12>0,O12/P12,0) -> 1.3307698
B13: Total 3 Lifte | C13: =C9+C12 -> 150.91459 | D13: =D9+D12 -> 150 | E13: =D13-C13 -> -0.91458903 | F13: =IF(D13>0,C13/D13,0) -> 1.0060973 | H13: Total 3 Lifte | I13: =I9+I12 -> 213.2402 | J13: =J9+J12 -> 150 | K13: =J13-I13 -> -63.240195 | L13: =IF(J13>0,I13/J13,0) -> 1.4216013 | N13: Total 3 Lifte | O13: =O9+O12 -> 197.73684 | P13: =P9+P12 -> 150 | Q13: =P13-O13 -> -47.736843 | R13: =IF(P13>0,O13/P13,0) -> 1.3182456
B14: Nicht im Lift (andere Hauptlager) | C14: =SUMIFS(Artikel!$AH$7:$AH$1843,Artikel!$BY$7:$BY$1843,"-") -> 15.348485 | H14: Nicht im Lift (andere Hauptlager) | I14: =SUMIFS(Artikel!$AP$7:$AP$1843,Artikel!$BY$7:$BY$1843,"-") -> 77.309274 | N14: Nicht im Lift (andere Hauptlager) | O14: =SUMIFS(Artikel!$AX$7:$AX$1843,Artikel!$BY$7:$BY$1843,"-") -> 72.850419
B15: Manuell «Aussen» zugeteilt | C15: =SUMIFS(Artikel!$AH$7:$AH$1843,Artikel!$BY$7:$BY$1843,"Aussen") -> 0 | H15: Manuell «Aussen» zugeteilt | I15: =SUMIFS(Artikel!$AP$7:$AP$1843,Artikel!$BY$7:$BY$1843,"Aussen") -> 0 | N15: Manuell «Aussen» zugeteilt | O15: =SUMIFS(Artikel!$AX$7:$AX$1843,Artikel!$BY$7:$BY$1843,"Aussen") -> 0
B17: Passt alles in die 3 Lifte? | E17: =IF(AND(C9<=D9,C12<=D12),"JA","NEIN") -> NEIN | H17: Passt alles in die 3 Lifte? | K17: =IF(AND(I9<=J9,I12<=J12),"JA","NEIN") -> NEIN | N17: Passt alles in die 3 Lifte? | Q17: =IF(AND(O9<=P9,O12<=P12),"JA","NEIN") -> NEIN
B18: Lift 1 (schwer, separat) | D18: =IF(C9<=D9,"JA","NEIN") -> NEIN | H18: Lift 1 (schwer, separat) | J18: =IF(I9<=J9,"JA","NEIN") -> NEIN | N18: Lift 1 (schwer, separat) | P18: =IF(O9<=P9,"JA","NEIN") -> NEIN
B19: Lift 2 + 3 gemeinsam | D19: =IF(C12<=D12,"JA","NEIN") -> JA | H19: Lift 2 + 3 gemeinsam | J19: =IF(I12<=J12,"JA","NEIN") -> NEIN | N19: Lift 2 + 3 gemeinsam | P19: =IF(O12<=P12,"JA","NEIN") -> NEIN
B20: =IF(OR(AND(C10>D10,C11<D11),AND(C11>D11,C10<D10)),"Ausgleich Lift 2 ↔ 3 möglich: "&ROUNDUP(MIN(MAX(C10-D10,C11-D11),MAX(D10-C10,D11-C11)),0)&" Tablare","") -> Ausgleich Lift 2 ↔ 3 möglich: 17 Tablare | H20: =IF(OR(AND(I10>J10,I11<J11),AND(I11>J11,I10<J10)),"Ausgleich Lift 2 ↔ 3 möglich: "&ROUNDUP(MIN(MAX(I10-J10,I11-J11),MAX(J10-I10,J11-I11)),0)&" Tablare","") -> Ausgleich Lift 2 ↔ 3 möglich: 11 Tablare | N20: =IF(OR(AND(O10>P10,O11<P11),AND(O11>P11,O10<P10)),"Ausgleich Lift 2 ↔ 3 möglich: "&ROUNDUP(MIN(MAX(O10-P10,O11-P11),MAX(P10-O10,P11-O11)),0)&" Tablare","") -> Ausgleich Lift 2 ↔ 3 möglich: 12 Tablare
B22: Aussenlager nötig (Tablare) | D22: =MAX(0,C9-D9)+MAX(0,C12-D12)+C15 -> 4.0328874 | H22: Aussenlager nötig (Tablare) | J22: =MAX(0,I9-J9)+MAX(0,I12-J12)+I15 -> 63.240195 | N22: Aussenlager nötig (Tablare) | P22: =MAX(0,O9-P9)+MAX(0,O12-P12)+O15 -> 47.736843
B23: Artikel im Aussenlager (ganz/teilweise) | D23: =COUNTIF(Artikel!$BD$7:$BD$1843,"Aussenlager")+COUNTIF(Artikel!$BD$7:$BD$1843,"teilweise") -> 21 | H23: Artikel im Aussenlager (ganz/teilweise) | J23: =COUNTIF(Artikel!$BE$7:$BE$1843,"Aussenlager")+COUNTIF(Artikel!$BE$7:$BE$1843,"teilweise") -> 602 | N23: Artikel im Aussenlager (ganz/teilweise) | P23: =COUNTIF(Artikel!$BF$7:$BF$1843,"Aussenlager")+COUNTIF(Artikel!$BF$7:$BF$1843,"teilweise") -> 563
B25: Lagerwert CHF gesamt | D25: =SUM(Artikel!$AI$7:$AI$1843) -> 3451046.2 | H25: Lagerwert CHF gesamt | J25: =SUM(Artikel!$AQ$7:$AQ$1843) -> 7904043 | N25: Lagerwert CHF gesamt | P25: =SUM(Artikel!$AY$7:$AY$1843) -> 6965579.7
B26: davon in den Liften | D26: =SUMPRODUCT(Artikel!$AI$7:$AI$1843,Artikel!$AM$7:$AM$1843) -> 3063330.6 | H26: davon in den Liften | J26: =SUMPRODUCT(Artikel!$AQ$7:$AQ$1843,Artikel!$AU$7:$AU$1843) -> 5451203.8 | N26: davon in den Liften | P26: =SUMPRODUCT(Artikel!$AY$7:$AY$1843,Artikel!$BC$7:$BC$1843) -> 5161476.9
B27: davon im Aussenlager | D27: =SUMIFS(Artikel!$AI$7:$AI$1843,Artikel!$BY$7:$BY$1843,"L1")+SUMIFS(Artikel!$AI$7:$AI$1843,Artikel!$BY$7:$BY$1843,"L23")-D26+SUMIFS(Artikel!$AI$7:$AI$1843,Artikel!$BY$7:$BY$1843,"Aussen") -> 105254.54 | H27: davon im Aussenlager | J27: =SUMIFS(Artikel!$AQ$7:$AQ$1843,Artikel!$BY$7:$BY$1843,"L1")+SUMIFS(Artikel!$AQ$7:$AQ$1843,Artikel!$BY$7:$BY$1843,"L23")-J26+SUMIFS(Artikel!$AQ$7:$AQ$1843,Artikel!$BY$7:$BY$1843,"Aussen") -> 1447481.3 | N27: davon im Aussenlager | P27: =SUMIFS(Artikel!$AY$7:$AY$1843,Artikel!$BY$7:$BY$1843,"L1")+SUMIFS(Artikel!$AY$7:$AY$1843,Artikel!$BY$7:$BY$1843,"L23")-P26+SUMIFS(Artikel!$AY$7:$AY$1843,Artikel!$BY$7:$BY$1843,"Aussen") -> 1022449.3
B28: davon nicht im Lift (andere Lager) | D28: =SUMIFS(Artikel!$AI$7:$AI$1843,Artikel!$BY$7:$BY$1843,"-") -> 282461.1 | H28: davon nicht im Lift (andere Lager) | J28: =SUMIFS(Artikel!$AQ$7:$AQ$1843,Artikel!$BY$7:$BY$1843,"-") -> 1005358 | N28: davon nicht im Lift (andere Lager) | P28: =SUMIFS(Artikel!$AY$7:$AY$1843,Artikel!$BY$7:$BY$1843,"-") -> 781653.55
B30: Artikel mit Überbestand (Ist > MAX B) | D30: =SUMPRODUCT((Artikel!$H$7:$H$1843>Artikel!$AJ$7:$AJ$1843)*1) -> 174 | E30: (LU dieser Ansicht) | H30: Artikel mit Überbestand (Ist > MAX B) | J30: =SUMPRODUCT((Artikel!$H$7:$H$1843>Artikel!$AR$7:$AR$1843)*1) -> 174 | K30: (LU dieser Ansicht) | N30: Artikel mit Überbestand (Ist > MAX B) | P30: =SUMPRODUCT((Artikel!$H$7:$H$1843>Artikel!$AZ$7:$AZ$1843)*1) -> 178 | Q30: (LU dieser Ansicht)
B31: Überbestandswert CHF | D31: =SUMPRODUCT((Artikel!$H$7:$H$1843>Artikel!$AJ$7:$AJ$1843)*(Artikel!$H$7:$H$1843-Artikel!$AJ$7:$AJ$1843)*Artikel!$G$7:$G$1843) -> 355656.61 | H31: Überbestandswert CHF | J31: =SUMPRODUCT((Artikel!$H$7:$H$1843>Artikel!$AR$7:$AR$1843)*(Artikel!$H$7:$H$1843-Artikel!$AR$7:$AR$1843)*Artikel!$G$7:$G$1843) -> 355656.61 | N31: Überbestandswert CHF | P31: =SUMPRODUCT((Artikel!$H$7:$H$1843>Artikel!$AZ$7:$AZ$1843)*(Artikel!$H$7:$H$1843-Artikel!$AZ$7:$AZ$1843)*Artikel!$G$7:$G$1843) -> 368368.42
B33: Tablare je Lift | C33: aus Gebinden (Stammdaten) | D33: Fächer lt. Liftbericht | E33: lose (grob geschätzt) | F33: Anteil geschätzt | H33: Tablare je Lift | I33: aus Gebinden (Stammdaten) | J33: Fächer lt. Liftbericht | K33: lose (grob geschätzt) | L33: Anteil geschätzt | N33: Tablare je Lift | O33: aus Gebinden (Stammdaten) | P33: Fächer lt. Liftbericht | Q33: lose (grob geschätzt) | R33: Anteil geschätzt
B34: Lift 1 – Schwer | C34: =SUMIFS(Artikel!$AH$7:$AH$1843,Artikel!$BX$7:$BX$1843,1,Artikel!$BT$7:$BT$1843,0,Artikel!$CH$7:$CH$1843,0,Artikel!$BU$7:$BU$1843,0) -> 11.032887 | D34: =SUMIFS(Artikel!$AH$7:$AH$1843,Artikel!$BX$7:$BX$1843,1,Artikel!$CH$7:$CH$1843,">0") -> 42.5 | E34: =SUMIFS(Artikel!$AH$7:$AH$1843,Artikel!$BX$7:$BX$1843,1,Artikel!$BT$7:$BT$1843,1,Artikel!$CH$7:$CH$1843,0)+SUMIFS(Artikel!$AH$7:$AH$1843,Artikel!$BX$7:$BX$1843,1,Artikel!$BU$7:$BU$1843,1,Artikel!$CH$7:$CH$1843,0) -> 0.5 | F34: =IF(SUM(C34:E34)>0,E34/SUM(C34:E34),0) -> 0.0092536236 | H34: Lift 1 – Schwer | I34: =SUMIFS(Artikel!$AP$7:$AP$1843,Artikel!$BX$7:$BX$1843,1,Artikel!$BT$7:$BT$1843,0,Artikel!$CH$7:$CH$1843,0,Artikel!$BU$7:$BU$1843,0) -> 19.321349 | J34: =SUMIFS(Artikel!$AP$7:$AP$1843,Artikel!$BX$7:$BX$1843,1,Artikel!$CH$7:$CH$1843,">0") -> 49.383239 | K34: =SUMIFS(Artikel!$AP$7:$AP$1843,Artikel!$BX$7:$BX$1843,1,Artikel!$BT$7:$BT$1843,1,Artikel!$CH$7:$CH$1843,0)+SUMIFS(Artikel!$AP$7:$AP$1843,Artikel!$BX$7:$BX$1843,1,Artikel!$BU$7:$BU$1843,1,Artikel!$CH$7:$CH$1843,0) -> 2.2884615 | L34: =IF(SUM(I34:K34)>0,K34/SUM(I34:K34),0) -> 0.032235008 | N34: Lift 1 – Schwer | O34: =SUMIFS(Artikel!$AX$7:$AX$1843,Artikel!$BX$7:$BX$1843,1,Artikel!$BT$7:$BT$1843,0,Artikel!$CH$7:$CH$1843,0,Artikel!$BU$7:$BU$1843,0) -> 16.282887 | P34: =SUMIFS(Artikel!$AX$7:$AX$1843,Artikel!$BX$7:$BX$1843,1,Artikel!$CH$7:$CH$1843,">0") -> 46.421846 | Q34: =SUMIFS(Artikel!$AX$7:$AX$1843,Artikel!$BX$7:$BX$1843,1,Artikel!$BT$7:$BT$1843,1,Artikel!$CH$7:$CH$1843,0)+SUMIFS(Artikel!$AX$7:$AX$1843,Artikel!$BX$7:$BX$1843,1,Artikel!$BU$7:$BU$1843,1,Artikel!$CH$7:$CH$1843,0) -> 1.9551282 | R34: =IF(SUM(O34:Q34)>0,Q34/SUM(O34:Q34),0) -> 0.030237123
B35: Lift 2 – Mittel | C35: =SUMIFS(Artikel!$AH$7:$AH$1843,Artikel!$BX$7:$BX$1843,2,Artikel!$BT$7:$BT$1843,0,Artikel!$CH$7:$CH$1843,0,Artikel!$BU$7:$BU$1843,0) -> 49.340909 | D35: =SUMIFS(Artikel!$AH$7:$AH$1843,Artikel!$BX$7:$BX$1843,2,Artikel!$CH$7:$CH$1843,">0") -> 0 | E35: =SUMIFS(Artikel!$AH$7:$AH$1843,Artikel!$BX$7:$BX$1843,2,Artikel!$BT$7:$BT$1843,1,Artikel!$CH$7:$CH$1843,0)+SUMIFS(Artikel!$AH$7:$AH$1843,Artikel!$BX$7:$BX$1843,2,Artikel!$BU$7:$BU$1843,1,Artikel!$CH$7:$CH$1843,0) -> 17.333333 | F35: =IF(SUM(C35:E35)>0,E35/SUM(C35:E35),0) -> 0.25997046 | H35: Lift 2 – Mittel | I35: =SUMIFS(Artikel!$AP$7:$AP$1843,Artikel!$BX$7:$BX$1843,2,Artikel!$BT$7:$BT$1843,0,Artikel!$CH$7:$CH$1843,0,Artikel!$BU$7:$BU$1843,0) -> 63.757576 | J35: =SUMIFS(Artikel!$AP$7:$AP$1843,Artikel!$BX$7:$BX$1843,2,Artikel!$CH$7:$CH$1843,">0") -> 0 | K35: =SUMIFS(Artikel!$AP$7:$AP$1843,Artikel!$BX$7:$BX$1843,2,Artikel!$BT$7:$BT$1843,1,Artikel!$CH$7:$CH$1843,0)+SUMIFS(Artikel!$AP$7:$AP$1843,Artikel!$BX$7:$BX$1843,2,Artikel!$BU$7:$BU$1843,1,Artikel!$CH$7:$CH$1843,0) -> 39.416667 | L35: =IF(SUM(I35:K35)>0,K35/SUM(I35:K35),0) -> 0.3820398 | N35: Lift 2 – Mittel | O35: =SUMIFS(Artikel!$AX$7:$AX$1843,Artikel!$BX$7:$BX$1843,2,Artikel!$BT$7:$BT$1843,0,Artikel!$CH$7:$CH$1843,0,Artikel!$BU$7:$BU$1843,0) -> 60.674242 | P35: =SUMIFS(Artikel!$AX$7:$AX$1843,Artikel!$BX$7:$BX$1843,2,Artikel!$CH$7:$CH$1843,">0") -> 0 | Q35: =SUMIFS(Artikel!$AX$7:$AX$1843,Artikel!$BX$7:$BX$1843,2,Artikel!$BT$7:$BT$1843,1,Artikel!$CH$7:$CH$1843,0)+SUMIFS(Artikel!$AX$7:$AX$1843,Artikel!$BX$7:$BX$1843,2,Artikel!$BU$7:$BU$1843,1,Artikel!$CH$7:$CH$1843,0) -> 34.333333 | R35: =IF(SUM(O35:Q35)>0,Q35/SUM(O35:Q35),0) -> 0.36137469
B36: Lift 3 – Klein | C36: =SUMIFS(Artikel!$AH$7:$AH$1843,Artikel!$BX$7:$BX$1843,3,Artikel!$BT$7:$BT$1843,0,Artikel!$CH$7:$CH$1843,0,Artikel!$BU$7:$BU$1843,0) -> 24.438228 | D36: =SUMIFS(Artikel!$AH$7:$AH$1843,Artikel!$BX$7:$BX$1843,3,Artikel!$CH$7:$CH$1843,">0") -> 0 | E36: =SUMIFS(Artikel!$AH$7:$AH$1843,Artikel!$BX$7:$BX$1843,3,Artikel!$BT$7:$BT$1843,1,Artikel!$CH$7:$CH$1843,0)+SUMIFS(Artikel!$AH$7:$AH$1843,Artikel!$BX$7:$BX$1843,3,Artikel!$BU$7:$BU$1843,1,Artikel!$CH$7:$CH$1843,0) -> 5.7692308 | F36: =IF(SUM(C36:E36)>0,E36/SUM(C36:E36),0) -> 0.19098696 | H36: Lift 3 – Klein | I36: =SUMIFS(Artikel!$AP$7:$AP$1843,Artikel!$BX$7:$BX$1843,3,Artikel!$BT$7:$BT$1843,0,Artikel!$CH$7:$CH$1843,0,Artikel!$BU$7:$BU$1843,0) -> 29.49598 | J36: =SUMIFS(Artikel!$AP$7:$AP$1843,Artikel!$BX$7:$BX$1843,3,Artikel!$CH$7:$CH$1843,">0") -> 0 | K36: =SUMIFS(Artikel!$AP$7:$AP$1843,Artikel!$BX$7:$BX$1843,3,Artikel!$BT$7:$BT$1843,1,Artikel!$CH$7:$CH$1843,0)+SUMIFS(Artikel!$AP$7:$AP$1843,Artikel!$BX$7:$BX$1843,3,Artikel!$BU$7:$BU$1843,1,Artikel!$CH$7:$CH$1843,0) -> 9.5769231 | L36: =IF(SUM(I36:K36)>0,K36/SUM(I36:K36),0) -> 0.24510396 | N36: Lift 3 – Klein | O36: =SUMIFS(Artikel!$AX$7:$AX$1843,Artikel!$BX$7:$BX$1843,3,Artikel!$BT$7:$BT$1843,0,Artikel!$CH$7:$CH$1843,0,Artikel!$BU$7:$BU$1843,0) -> 29.14633 | P36: =SUMIFS(Artikel!$AX$7:$AX$1843,Artikel!$BX$7:$BX$1843,3,Artikel!$CH$7:$CH$1843,">0") -> 0 | Q36: =SUMIFS(Artikel!$AX$7:$AX$1843,Artikel!$BX$7:$BX$1843,3,Artikel!$BT$7:$BT$1843,1,Artikel!$CH$7:$CH$1843,0)+SUMIFS(Artikel!$AX$7:$AX$1843,Artikel!$BX$7:$BX$1843,3,Artikel!$BU$7:$BU$1843,1,Artikel!$CH$7:$CH$1843,0) -> 8.9230769 | R36: =IF(SUM(O36:Q36)>0,Q36/SUM(O36:Q36),0) -> 0.2343897
B37: Total | C37: =SUM(C34:C36) -> 84.812025 | D37: =SUM(D34:D36) -> 42.5 | E37: =SUM(E34:E36) -> 23.602564 | F37: =IF(SUM(C37:E37)>0,E37/SUM(C37:E37),0) -> 0.15639684 | H37: Total | I37: =SUM(I34:I36) -> 112.5749 | J37: =SUM(J34:J36) -> 49.383239 | K37: =SUM(K34:K36) -> 51.282051 | L37: =IF(SUM(I37:K37)>0,K37/SUM(I37:K37),0) -> 0.24048961 | N37: Total | O37: =SUM(O34:O36) -> 106.10346 | P37: =SUM(P34:P36) -> 46.421846 | Q37: =SUM(Q34:Q36) -> 45.211538 | R37: =IF(SUM(O37:Q37)>0,Q37/SUM(O37:Q37),0) -> 0.22864499
B40: Diagrammdaten (Auslastung %) | C40: ="A1: "&LEFT(C5,1)&IF(LEFT(C5,1)="A",""," LU "&C6) -> A1: A | D40: ="A2: "&LEFT(I5,1)&IF(LEFT(I5,1)="A",""," LU "&I6) -> A2: C LU 2 | E40: ="A3: "&LEFT(O5,1)&IF(LEFT(O5,1)="A",""," LU "&O6) -> A3: C LU 3 | F40: 100 %
B41: Lift 1 | C41: =F9 -> 1.0806577 | D41: =L9 -> 1.419861 | E41: =R9 -> 1.2931972 | F41: 1
B42: Lift 2 | C42: =F10 -> 1.3334848 | D42: =L10 -> 2.0634848 | E42: =R10 -> 1.9001515 | F42: 1
B43: Lift 3 | C43: =F11 -> 0.60414918 | D43: =L11 -> 0.78145806 | E43: =R11 -> 0.76138813 | F43: 1
B44: Lift 2+3 | C44: =F12 -> 0.96881702 | D44: =L12 -> 1.4224715 | E44: =R12 -> 1.3307698 | F44: 1
B45: Total | C45: =F13 -> 1.0060973 | D45: =L13 -> 1.4216013 | E45: =R13 -> 1.3182456 | F45: 1

Sheet Szenarien
A1: Szenarien – alle LU-Werte auf einen Blick
A2: Berechnung direkt über das Blatt «Artikel» (SUMPRODUCT). Berücksichtigt Lift-Zuordnung, Gebinde-Anpassungen, Ziel-LU je Artikel und MAX final. LU-Werte aus Parameter A23:A30.
A4: Variante | B4: Ziel-LU | C4: Lift 1 % | D4: Lift 2 % | E4: Lift 3 % | F4: Lift 2+3 % | G4: Total % | H4: Passt alles? | I4: Aussenlager Tablare | J4: Lagerwert CHF | K4: Δ zum Ist CHF | L4: Δ zum Ist Tablare | M4: Lift 1 Tablare | N4: Lift 2 Tablare | O4: Lift 3 Tablare | P4: Aussen manuell Tablare
A5: Ist-Bestand | B5: – | C5: =M5/Parameter!$E$5 -> 1.0806577 | D5: =N5/Parameter!$E$6 -> 1.3334848 | E5: =O5/Parameter!$E$7 -> 0.60414918 | F5: =(N5+O5)/(Parameter!$E$6+Parameter!$E$7) -> 0.96881702 | G5: =(M5+N5+O5)/Parameter!$E$8 -> 1.0060973 | H5: =IF(AND(M5<=Parameter!$E$5,N5+O5<=Parameter!$E$6+Parameter!$E$7),"JA","NEIN") -> NEIN | I5: =MAX(0,M5-Parameter!$E$5)+MAX(0,N5+O5-Parameter!$E$6-Parameter!$E$7)+P5 -> 4.0328874 | J5: =SUMPRODUCT(A_IST*A_PREIS) -> 3451046.2 | K5: =J5-$J$5 -> 0 | L5: =(M5+N5+O5+P5)-($M$5+$N$5+$O$5+$P$5) -> 0 | M5: =SUMPRODUCT((A_LIFT=1)*((A_FACH>0)*A_FACH*(1+(A_KAPR>0)*(A_IST>A_KAPR)*(A_IST/(A_KAPR+(A_KAPR=0))-1))+(A_FACH=0)*((1-A_LOSE)*(A_GPT>0)*A_ISTN/(A_GPT+(A_GPT=0))+A_LOSE*(A_IST>0)*A_LA*(1+(A_IST>0)*(A_IST>A_IST)*(A_IST/(A_IST+(A_IST=0))-1)))/MAX(0.1,N(Parameter!$M$21)))) -> 54.032887 | N5: =SUMPRODUCT((A_LIFT=2)*((A_FACH>0)*A_FACH*(1+(A_KAPR>0)*(A_IST>A_KAPR)*(A_IST/(A_KAPR+(A_KAPR=0))-1))+(A_FACH=0)*((1-A_LOSE)*(A_GPT>0)*A_ISTN/(A_GPT+(A_GPT=0))+A_LOSE*(A_IST>0)*A_LA*(1+(A_IST>0)*(A_IST>A_IST)*(A_IST/(A_IST+(A_IST=0))-1)))/MAX(0.1,N(Parameter!$M$21)))) -> 66.674242 | O5: =SUMPRODUCT((A_LIFT=3)*((A_FACH>0)*A_FACH*(1+(A_KAPR>0)*(A_IST>A_KAPR)*(A_IST/(A_KAPR+(A_KAPR=0))-1))+(A_FACH=0)*((1-A_LOSE)*(A_GPT>0)*A_ISTN/(A_GPT+(A_GPT=0))+A_LOSE*(A_IST>0)*A_LA*(1+(A_IST>0)*(A_IST>A_IST)*(A_IST/(A_IST+(A_IST=0))-1)))/MAX(0.1,N(Parameter!$M$21)))) -> 30.207459 | P5: =SUMPRODUCT((A_LIFT="Aussen")*((A_FACH>0)*A_FACH*(1+(A_KAPR>0)*(A_IST>A_KAPR)*(A_IST/(A_KAPR+(A_KAPR=0))-1))+(A_FACH=0)*((1-A_LOSE)*(A_GPT>0)*A_ISTN/(A_GPT+(A_GPT=0))+A_LOSE*(A_IST>0)*A_LA*(1+(A_IST>0)*(A_IST>A_IST)*(A_IST/(A_IST+(A_IST=0))-1)))/MAX(0.1,N(Parameter!$M$21)))) -> 0
A6: B – Ziel-LU | B6: =Parameter!$A$23 -> 1 | C6: =M6/Parameter!$E$5 -> 2.0707121 | D6: =N6/Parameter!$E$6 -> 2.4568182 | E6: =O6/Parameter!$E$7 -> 0.81154691 | F6: =(N6+O6)/(Parameter!$E$6+Parameter!$E$7) -> 1.6341825 | G6: =(M6+N6+O6)/Parameter!$E$8 -> 1.7796924 | H6: =IF(AND(M6<=Parameter!$E$5,N6+O6<=Parameter!$E$6+Parameter!$E$7),"JA","NEIN") -> NEIN | I6: =MAX(0,M6-Parameter!$E$5)+MAX(0,N6+O6-Parameter!$E$6-Parameter!$E$7)+P6 -> 116.95386 | J6: =SUMPRODUCT((A_FINF*A_FINV+(1-A_FINF)*ROUNDUP((A_VERB/(A_LUO+(A_LUO=0)*$B6)+(A_MBLG>A_VERB/(A_LUO+(A_LUO=0)*$B6))*(A_MBLG-A_VERB/(A_LUO+(A_LUO=0)*$B6)))/A_MPG_E,0)*A_MPG_E)*A_PREIS) -> 11203695 | K6: =J6-$J$5 -> 7752649.1 | L6: =(M6+N6+O6+P6)-($M$5+$N$5+$O$5+$P$5) -> 116.03927 | M6: =SUMPRODUCT((A_LIFT=1)*((A_FACH>0)*A_FACH*(1+(A_KAPR>0)*((A_FINF*A_FINV+(1-A_FINF)*ROUNDUP((A_VERB/(A_LUO+(A_LUO=0)*$B6)+(A_MBLG>A_VERB/(A_LUO+(A_LUO=0)*$B6))*(A_MBLG-A_VERB/(A_LUO+(A_LUO=0)*$B6)))/A_MPG_E,0)*A_MPG_E)>A_KAPR)*((A_FINF*A_FINV+(1-A_FINF)*ROUNDUP((A_VERB/(A_LUO+(A_LUO=0)*$B6)+(A_MBLG>A_VERB/(A_LUO+(A_LUO=0)*$B6))*(A_MBLG-A_VERB/(A_LUO+(A_LUO=0)*$B6)))/A_MPG_E,0)*A_MPG_E)/(A_KAPR+(A_KAPR=0))-1))+(A_FACH=0)*((1-A_LOSE)*(A_GPT>0)*(A_FINF*A_FINN+(1-A_FINF)*ROUNDUP((A_VERB/(A_LUO+(A_LUO=0)*$B6)+(A_MBLG>A_VERB/(A_LUO+(A_LUO=0)*$B6))*(A_MBLG-A_VERB/(A_LUO+(A_LUO=0)*$B6)))/A_MPG_E,0))/(A_GPT+(A_GPT=0))+A_LOSE*((A_FINF*A_FINN+(1-A_FINF)*ROUNDUP((A_VERB/(A_LUO+(A_LUO=0)*$B6)+(A_MBLG>A_VERB/(A_LUO+(A_LUO=0)*$B6))*(A_MBLG-A_VERB/(A_LUO+(A_LUO=0)*$B6)))/A_MPG_E,0))>0)*A_LA*(1+(A_IST>0)*((A_FINF*A_FINN+(1-A_FINF)*ROUNDUP((A_VERB/(A_LUO+(A_LUO=0)*$B6)+(A_MBLG>A_VERB/(A_LUO+(A_LUO=0)*$B6))*(A_MBLG-A_VERB/(A_LUO+(A_LUO=0)*$B6)))/A_MPG_E,0))>A_IST)*((A_FINF*A_FINN+(1-A_FINF)*ROUNDUP((A_VERB/(A_LUO+(A_LUO=0)*$B6)+(A_MBLG>A_VERB/(A_LUO+(A_LUO=0)*$B6))*(A_MBLG-A_VERB/(A_LUO+(A_LUO=0)*$B6)))/A_MPG_E,0))/(A_IST+(A_IST=0))-1)))/MAX(0.1,N(Parameter!$M$21)))) -> 103.5356 | N6: =SUMPRODUCT((A_LIFT=2)*((A_FACH>0)*A_FACH*(1+(A_KAPR>0)*((A_FINF*A_FINV+(1-A_FINF)*ROUNDUP((A_VERB/(A_LUO+(A_LUO=0)*$B6)+(A_MBLG>A_VERB/(A_LUO+(A_LUO=0)*$B6))*(A_MBLG-A_VERB/(A_LUO+(A_LUO=0)*$B6)))/A_MPG_E,0)*A_MPG_E)>A_KAPR)*((A_FINF*A_FINV+(1-A_FINF)*ROUNDUP((A_VERB/(A_LUO+(A_LUO=0)*$B6)+(A_MBLG>A_VERB/(A_LUO+(A_LUO=0)*$B6))*(A_MBLG-A_VERB/(A_LUO+(A_LUO=0)*$B6)))/A_MPG_E,0)*A_MPG_E)/(A_KAPR+(A_KAPR=0))-1))+(A_FACH=0)*((1-A_LOSE)*(A_GPT>0)*(A_FINF*A_FINN+(1-A_FINF)*ROUNDUP((A_VERB/(A_LUO+(A_LUO=0)*$B6)+(A_MBLG>A_VERB/(A_LUO+(A_LUO=0)*$B6))*(A_MBLG-A_VERB/(A_LUO+(A_LUO=0)*$B6)))/A_MPG_E,0))/(A_GPT+(A_GPT=0))+A_LOSE*((A_FINF*A_FINN+(1-A_FINF)*ROUNDUP((A_VERB/(A_LUO+(A_LUO=0)*$B6)+(A_MBLG>A_VERB/(A_LUO+(A_LUO=0)*$B6))*(A_MBLG-A_VERB/(A_LUO+(A_LUO=0)*$B6)))/A_MPG_E,0))>0)*A_LA*(1+(A_IST>0)*((A_FINF*A_FINN+(1-A_FINF)*ROUNDUP((A_VERB/(A_LUO+(A_LUO=0)*$B6)+(A_MBLG>A_VERB/(A_LUO+(A_LUO=0)*$B6))*(A_MBLG-A_VERB/(A_LUO+(A_LUO=0)*$B6)))/A_MPG_E,0))>A_IST)*((A_FINF*A_FINN+(1-A_FINF)*ROUNDUP((A_VERB/(A_LUO+(A_LUO=0)*$B6)+(A_MBLG>A_VERB/(A_LUO+(A_LUO=0)*$B6))*(A_MBLG-A_VERB/(A_LUO+(A_LUO=0)*$B6)))/A_MPG_E,0))/(A_IST+(A_IST=0))-1)))/MAX(0.1,N(Parameter!$M$21)))) -> 122.84091 | O6: =SUMPRODUCT((A_LIFT=3)*((A_FACH>0)*A_FACH*(1+(A_KAPR>0)*((A_FINF*A_FINV+(1-A_FINF)*ROUNDUP((A_VERB/(A_LUO+(A_LUO=0)*$B6)+(A_MBLG>A_VERB/(A_LUO+(A_LUO=0)*$B6))*(A_MBLG-A_VERB/(A_LUO+(A_LUO=0)*$B6)))/A_MPG_E,0)*A_MPG_E)>A_KAPR)*((A_FINF*A_FINV+(1-A_FINF)*ROUNDUP((A_VERB/(A_LUO+(A_LUO=0)*$B6)+(A_MBLG>A_VERB/(A_LUO+(A_LUO=0)*$B6))*(A_MBLG-A_VERB/(A_LUO+(A_LUO=0)*$B6)))/A_MPG_E,0)*A_MPG_E)/(A_KAPR+(A_KAPR=0))-1))+(A_FACH=0)*((1-A_LOSE)*(A_GPT>0)*(A_FINF*A_FINN+(1-A_FINF)*ROUNDUP((A_VERB/(A_LUO+(A_LUO=0)*$B6)+(A_MBLG>A_VERB/(A_LUO+(A_LUO=0)*$B6))*(A_MBLG-A_VERB/(A_LUO+(A_LUO=0)*$B6)))/A_MPG_E,0))/(A_GPT+(A_GPT=0))+A_LOSE*((A_FINF*A_FINN+(1-A_FINF)*ROUNDUP((A_VERB/(A_LUO+(A_LUO=0)*$B6)+(A_MBLG>A_VERB/(A_LUO+(A_LUO=0)*$B6))*(A_MBLG-A_VERB/(A_LUO+(A_LUO=0)*$B6)))/A_MPG_E,0))>0)*A_LA*(1+(A_IST>0)*((A_FINF*A_FINN+(1-A_FINF)*ROUNDUP((A_VERB/(A_LUO+(A_LUO=0)*$B6)+(A_MBLG>A_VERB/(A_LUO+(A_LUO=0)*$B6))*(A_MBLG-A_VERB/(A_LUO+(A_LUO=0)*$B6)))/A_MPG_E,0))>A_IST)*((A_FINF*A_FINN+(1-A_FINF)*ROUNDUP((A_VERB/(A_LUO+(A_LUO=0)*$B6)+(A_MBLG>A_VERB/(A_LUO+(A_LUO=0)*$B6))*(A_MBLG-A_VERB/(A_LUO+(A_LUO=0)*$B6)))/A_MPG_E,0))/(A_IST+(A_IST=0))-1)))/MAX(0.1,N(Parameter!$M$21)))) -> 40.577345 | P6: =SUMPRODUCT((A_LIFT="Aussen")*((A_FACH>0)*A_FACH*(1+(A_KAPR>0)*((A_FINF*A_FINV+(1-A_FINF)*ROUNDUP((A_VERB/(A_LUO+(A_LUO=0)*$B6)+(A_MBLG>A_VERB/(A_LUO+(A_LUO=0)*$B6))*(A_MBLG-A_VERB/(A_LUO+(A_LUO=0)*$B6)))/A_MPG_E,0)*A_MPG_E)>A_KAPR)*((A_FINF*A_FINV+(1-A_FINF)*ROUNDUP((A_VERB/(A_LUO+(A_LUO=0)*$B6)+(A_MBLG>A_VERB/(A_LUO+(A_LUO=0)*$B6))*(A_MBLG-A_VERB/(A_LUO+(A_LUO=0)*$B6)))/A_MPG_E,0)*A_MPG_E)/(A_KAPR+(A_KAPR=0))-1))+(A_FACH=0)*((1-A_LOSE)*(A_GPT>0)*(A_FINF*A_FINN+(1-A_FINF)*ROUNDUP((A_VERB/(A_LUO+(A_LUO=0)*$B6)+(A_MBLG>A_VERB/(A_LUO+(A_LUO=0)*$B6))*(A_MBLG-A_VERB/(A_LUO+(A_LUO=0)*$B6)))/A_MPG_E,0))/(A_GPT+(A_GPT=0))+A_LOSE*((A_FINF*A_FINN+(1-A_FINF)*ROUNDUP((A_VERB/(A_LUO+(A_LUO=0)*$B6)+(A_MBLG>A_VERB/(A_LUO+(A_LUO=0)*$B6))*(A_MBLG-A_VERB/(A_LUO+(A_LUO=0)*$B6)))/A_MPG_E,0))>0)*A_LA*(1+(A_IST>0)*((A_FINF*A_FINN+(1-A_FINF)*ROUNDUP((A_VERB/(A_LUO+(A_LUO=0)*$B6)+(A_MBLG>A_VERB/(A_LUO+(A_LUO=0)*$B6))*(A_MBLG-A_VERB/(A_LUO+(A_LUO=0)*$B6)))/A_MPG_E,0))>A_IST)*((A_FINF*A_FINN+(1-A_FINF)*ROUNDUP((A_VERB/(A_LUO+(A_LUO=0)*$B6)+(A_MBLG>A_VERB/(A_LUO+(A_LUO=0)*$B6))*(A_MBLG-A_VERB/(A_LUO+(A_LUO=0)*$B6)))/A_MPG_E,0))/(A_IST+(A_IST=0))-1)))/MAX(0.1,N(Parameter!$M$21)))) -> 0
A7: B – Ziel-LU | B7: =Parameter!$A$24 -> 1.5 | C7: =M7/Parameter!$E$5 -> 1.6096133 | D7: =N7/Parameter!$E$6 -> 2.0284848 | E7: =O7/Parameter!$E$7 -> 0.73998514 | F7: =(N7+O7)/(Parameter!$E$6+Parameter!$E$7) -> 1.384235 | G7: =(M7+N7+O7)/Parameter!$E$8 -> 1.4593611 | H7: =IF(AND(M7<=Parameter!$E$5,N7+O7<=Parameter!$E$6+Parameter!$E$7),"JA","NEIN") -> NEIN | I7: =MAX(0,M7-Parameter!$E$5)+MAX(0,N7+O7-Parameter!$E$6-Parameter!$E$7)+P7 -> 68.904163 | J7: =SUMPRODUCT((A_FINF*A_FINV+(1-A_FINF)*ROUNDUP((A_VERB/(A_LUO+(A_LUO=0)*$B7)+(A_MBLG>A_VERB/(A_LUO+(A_LUO=0)*$B7))*(A_MBLG-A_VERB/(A_LUO+(A_LUO=0)*$B7)))/A_MPG_E,0)*A_MPG_E)*A_PREIS) -> 8790985.1 | K7: =J7-$J$5 -> 5339938.9 | L7: =(M7+N7+O7+P7)-($M$5+$N$5+$O$5+$P$5) -> 67.989574 | M7: =SUMPRODUCT((A_LIFT=1)*((A_FACH>0)*A_FACH*(1+(A_KAPR>0)*((A_FINF*A_FINV+(1-A_FINF)*ROUNDUP((A_VERB/(A_LUO+(A_LUO=0)*$B7)+(A_MBLG>A_VERB/(A_LUO+(A_LUO=0)*$B7))*(A_MBLG-A_VERB/(A_LUO+(A_LUO=0)*$B7)))/A_MPG_E,0)*A_MPG_E)>A_KAPR)*((A_FINF*A_FINV+(1-A_FINF)*ROUNDUP((A_VERB/(A_LUO+(A_LUO=0)*$B7)+(A_MBLG>A_VERB/(A_LUO+(A_LUO=0)*$B7))*(A_MBLG-A_VERB/(A_LUO+(A_LUO=0)*$B7)))/A_MPG_E,0)*A_MPG_E)/(A_KAPR+(A_KAPR=0))-1))+(A_FACH=0)*((1-A_LOSE)*(A_GPT>0)*(A_FINF*A_FINN+(1-A_FINF)*ROUNDUP((A_VERB/(A_LUO+(A_LUO=0)*$B7)+(A_MBLG>A_VERB/(A_LUO+(A_LUO=0)*$B7))*(A_MBLG-A_VERB/(A_LUO+(A_LUO=0)*$B7)))/A_MPG_E,0))/(A_GPT+(A_GPT=0))+A_LOSE*((A_FINF*A_FINN+(1-A_FINF)*ROUNDUP((A_VERB/(A_LUO+(A_LUO=0)*$B7)+(A_MBLG>A_VERB/(A_LUO+(A_LUO=0)*$B7))*(A_MBLG-A_VERB/(A_LUO+(A_LUO=0)*$B7)))/A_MPG_E,0))>0)*A_LA*(1+(A_IST>0)*((A_FINF*A_FINN+(1-A_FINF)*ROUNDUP((A_VERB/(A_LUO+(A_LUO=0)*$B7)+(A_MBLG>A_VERB/(A_LUO+(A_LUO=0)*$B7))*(A_MBLG-A_VERB/(A_LUO+(A_LUO=0)*$B7)))/A_MPG_E,0))>A_IST)*((A_FINF*A_FINN+(1-A_FINF)*ROUNDUP((A_VERB/(A_LUO+(A_LUO=0)*$B7)+(A_MBLG>A_VERB/(A_LUO+(A_LUO=0)*$B7))*(A_MBLG-A_VERB/(A_LUO+(A_LUO=0)*$B7)))/A_MPG_E,0))/(A_IST+(A_IST=0))-1)))/MAX(0.1,N(Parameter!$M$21)))) -> 80.480664 | N7: =SUMPRODUCT((A_LIFT=2)*((A_FACH>0)*A_FACH*(1+(A_KAPR>0)*((A_FINF*A_FINV+(1-A_FINF)*ROUNDUP((A_VERB/(A_LUO+(A_LUO=0)*$B7)+(A_MBLG>A_VERB/(A_LUO+(A_LUO=0)*$B7))*(A_MBLG-A_VERB/(A_LUO+(A_LUO=0)*$B7)))/A_MPG_E,0)*A_MPG_E)>A_KAPR)*((A_FINF*A_FINV+(1-A_FINF)*ROUNDUP((A_VERB/(A_LUO+(A_LUO=0)*$B7)+(A_MBLG>A_VERB/(A_LUO+(A_LUO=0)*$B7))*(A_MBLG-A_VERB/(A_LUO+(A_LUO=0)*$B7)))/A_MPG_E,0)*A_MPG_E)/(A_KAPR+(A_KAPR=0))-1))+(A_FACH=0)*((1-A_LOSE)*(A_GPT>0)*(A_FINF*A_FINN+(1-A_FINF)*ROUNDUP((A_VERB/(A_LUO+(A_LUO=0)*$B7)+(A_MBLG>A_VERB/(A_LUO+(A_LUO=0)*$B7))*(A_MBLG-A_VERB/(A_LUO+(A_LUO=0)*$B7)))/A_MPG_E,0))/(A_GPT+(A_GPT=0))+A_LOSE*((A_FINF*A_FINN+(1-A_FINF)*ROUNDUP((A_VERB/(A_LUO+(A_LUO=0)*$B7)+(A_MBLG>A_VERB/(A_LUO+(A_LUO=0)*$B7))*(A_MBLG-A_VERB/(A_LUO+(A_LUO=0)*$B7)))/A_MPG_E,0))>0)*A_LA*(1+(A_IST>0)*((A_FINF*A_FINN+(1-A_FINF)*ROUNDUP((A_VERB/(A_LUO+(A_LUO=0)*$B7)+(A_MBLG>A_VERB/(A_LUO+(A_LUO=0)*$B7))*(A_MBLG-A_VERB/(A_LUO+(A_LUO=0)*$B7)))/A_MPG_E,0))>A_IST)*((A_FINF*A_FINN+(1-A_FINF)*ROUNDUP((A_VERB/(A_LUO+(A_LUO=0)*$B7)+(A_MBLG>A_VERB/(A_LUO+(A_LUO=0)*$B7))*(A_MBLG-A_VERB/(A_LUO+(A_LUO=0)*$B7)))/A_MPG_E,0))/(A_IST+(A_IST=0))-1)))/MAX(0.1,N(Parameter!$M$21)))) -> 101.42424 | O7: =SUMPRODUCT((A_LIFT=3)*((A_FACH>0)*A_FACH*(1+(A_KAPR>0)*((A_FINF*A_FINV+(1-A_FINF)*ROUNDUP((A_VERB/(A_LUO+(A_LUO=0)*$B7)+(A_MBLG>A_VERB/(A_LUO+(A_LUO=0)*$B7))*(A_MBLG-A_VERB/(A_LUO+(A_LUO=0)*$B7)))/A_MPG_E,0)*A_MPG_E)>A_KAPR)*((A_FINF*A_FINV+(1-A_FINF)*ROUNDUP((A_VERB/(A_LUO+(A_LUO=0)*$B7)+(A_MBLG>A_VERB/(A_LUO+(A_LUO=0)*$B7))*(A_MBLG-A_VERB/(A_LUO+(A_LUO=0)*$B7)))/A_MPG_E,0)*A_MPG_E)/(A_KAPR+(A_KAPR=0))-1))+(A_FACH=0)*((1-A_LOSE)*(A_GPT>0)*(A_FINF*A_FINN+(1-A_FINF)*ROUNDUP((A_VERB/(A_LUO+(A_LUO=0)*$B7)+(A_MBLG>A_VERB/(A_LUO+(A_LUO=0)*$B7))*(A_MBLG-A_VERB/(A_LUO+(A_LUO=0)*$B7)))/A_MPG_E,0))/(A_GPT+(A_GPT=0))+A_LOSE*((A_FINF*A_FINN+(1-A_FINF)*ROUNDUP((A_VERB/(A_LUO+(A_LUO=0)*$B7)+(A_MBLG>A_VERB/(A_LUO+(A_LUO=0)*$B7))*(A_MBLG-A_VERB/(A_LUO+(A_LUO=0)*$B7)))/A_MPG_E,0))>0)*A_LA*(1+(A_IST>0)*((A_FINF*A_FINN+(1-A_FINF)*ROUNDUP((A_VERB/(A_LUO+(A_LUO=0)*$B7)+(A_MBLG>A_VERB/(A_LUO+(A_LUO=0)*$B7))*(A_MBLG-A_VERB/(A_LUO+(A_LUO=0)*$B7)))/A_MPG_E,0))>A_IST)*((A_FINF*A_FINN+(1-A_FINF)*ROUNDUP((A_VERB/(A_LUO+(A_LUO=0)*$B7)+(A_MBLG>A_VERB/(A_LUO+(A_LUO=0)*$B7))*(A_MBLG-A_VERB/(A_LUO+(A_LUO=0)*$B7)))/A_MPG_E,0))/(A_IST+(A_IST=0))-1)))/MAX(0.1,N(Parameter!$M$21)))) -> 36.999257 | P7: =SUMPRODUCT((A_LIFT="Aussen")*((A_FACH>0)*A_FACH*(1+(A_KAPR>0)*((A_FINF*A_FINV+(1-A_FINF)*ROUNDUP((A_VERB/(A_LUO+(A_LUO=0)*$B7)+(A_MBLG>A_VERB/(A_LUO+(A_LUO=0)*$B7))*(A_MBLG-A_VERB/(A_LUO+(A_LUO=0)*$B7)))/A_MPG_E,0)*A_MPG_E)>A_KAPR)*((A_FINF*A_FINV+(1-A_FINF)*ROUNDUP((A_VERB/(A_LUO+(A_LUO=0)*$B7)+(A_MBLG>A_VERB/(A_LUO+(A_LUO=0)*$B7))*(A_MBLG-A_VERB/(A_LUO+(A_LUO=0)*$B7)))/A_MPG_E,0)*A_MPG_E)/(A_KAPR+(A_KAPR=0))-1))+(A_FACH=0)*((1-A_LOSE)*(A_GPT>0)*(A_FINF*A_FINN+(1-A_FINF)*ROUNDUP((A_VERB/(A_LUO+(A_LUO=0)*$B7)+(A_MBLG>A_VERB/(A_LUO+(A_LUO=0)*$B7))*(A_MBLG-A_VERB/(A_LUO+(A_LUO=0)*$B7)))/A_MPG_E,0))/(A_GPT+(A_GPT=0))+A_LOSE*((A_FINF*A_FINN+(1-A_FINF)*ROUNDUP((A_VERB/(A_LUO+(A_LUO=0)*$B7)+(A_MBLG>A_VERB/(A_LUO+(A_LUO=0)*$B7))*(A_MBLG-A_VERB/(A_LUO+(A_LUO=0)*$B7)))/A_MPG_E,0))>0)*A_LA*(1+(A_IST>0)*((A_FINF*A_FINN+(1-A_FINF)*ROUNDUP((A_VERB/(A_LUO+(A_LUO=0)*$B7)+(A_MBLG>A_VERB/(A_LUO+(A_LUO=0)*$B7))*(A_MBLG-A_VERB/(A_LUO+(A_LUO=0)*$B7)))/A_MPG_E,0))>A_IST)*((A_FINF*A_FINN+(1-A_FINF)*ROUNDUP((A_VERB/(A_LUO+(A_LUO=0)*$B7)+(A_MBLG>A_VERB/(A_LUO+(A_LUO=0)*$B7))*(A_MBLG-A_VERB/(A_LUO+(A_LUO=0)*$B7)))/A_MPG_E,0))/(A_IST+(A_IST=0))-1)))/MAX(0.1,N(Parameter!$M$21)))) -> 0
A8: B – Ziel-LU | B8: =Parameter!$A$25 -> 2 | C8: =M8/Parameter!$E$5 -> 1.409861 | D8: =N8/Parameter!$E$6 -> 1.8051515 | E8: =O8/Parameter!$E$7 -> 0.71012888 | F8: =(N8+O8)/(Parameter!$E$6+Parameter!$E$7) -> 1.2576402 | G8: =(M8+N8+O8)/Parameter!$E$8 -> 1.3083805 | H8: =IF(AND(M8<=Parameter!$E$5,N8+O8<=Parameter!$E$6+Parameter!$E$7),"JA","NEIN") -> NEIN | I8: =MAX(0,M8-Parameter!$E$5)+MAX(0,N8+O8-Parameter!$E$6-Parameter!$E$7)+P8 -> 46.257069 | J8: =SUMPRODUCT((A_FINF*A_FINV+(1-A_FINF)*ROUNDUP((A_VERB/(A_LUO+(A_LUO=0)*$B8)+(A_MBLG>A_VERB/(A_LUO+(A_LUO=0)*$B8))*(A_MBLG-A_VERB/(A_LUO+(A_LUO=0)*$B8)))/A_MPG_E,0)*A_MPG_E)*A_PREIS) -> 7548386.4 | K8: =J8-$J$5 -> 4097340.2 | L8: =(M8+N8+O8+P8)-($M$5+$N$5+$O$5+$P$5) -> 45.34248 | M8: =SUMPRODUCT((A_LIFT=1)*((A_FACH>0)*A_FACH*(1+(A_KAPR>0)*((A_FINF*A_FINV+(1-A_FINF)*ROUNDUP((A_VERB/(A_LUO+(A_LUO=0)*$B8)+(A_MBLG>A_VERB/(A_LUO+(A_LUO=0)*$B8))*(A_MBLG-A_VERB/(A_LUO+(A_LUO=0)*$B8)))/A_MPG_E,0)*A_MPG_E)>A_KAPR)*((A_FINF*A_FINV+(1-A_FINF)*ROUNDUP((A_VERB/(A_LUO+(A_LUO=0)*$B8)+(A_MBLG>A_VERB/(A_LUO+(A_LUO=0)*$B8))*(A_MBLG-A_VERB/(A_LUO+(A_LUO=0)*$B8)))/A_MPG_E,0)*A_MPG_E)/(A_KAPR+(A_KAPR=0))-1))+(A_FACH=0)*((1-A_LOSE)*(A_GPT>0)*(A_FINF*A_FINN+(1-A_FINF)*ROUNDUP((A_VERB/(A_LUO+(A_LUO=0)*$B8)+(A_MBLG>A_VERB/(A_LUO+(A_LUO=0)*$B8))*(A_MBLG-A_VERB/(A_LUO+(A_LUO=0)*$B8)))/A_MPG_E,0))/(A_GPT+(A_GPT=0))+A_LOSE*((A_FINF*A_FINN+(1-A_FINF)*ROUNDUP((A_VERB/(A_LUO+(A_LUO=0)*$B8)+(A_MBLG>A_VERB/(A_LUO+(A_LUO=0)*$B8))*(A_MBLG-A_VERB/(A_LUO+(A_LUO=0)*$B8)))/A_MPG_E,0))>0)*A_LA*(1+(A_IST>0)*((A_FINF*A_FINN+(1-A_FINF)*ROUNDUP((A_VERB/(A_LUO+(A_LUO=0)*$B8)+(A_MBLG>A_VERB/(A_LUO+(A_LUO=0)*$B8))*(A_MBLG-A_VERB/(A_LUO+(A_LUO=0)*$B8)))/A_MPG_E,0))>A_IST)*((A_FINF*A_FINN+(1-A_FINF)*ROUNDUP((A_VERB/(A_LUO+(A_LUO=0)*$B8)+(A_MBLG>A_VERB/(A_LUO+(A_LUO=0)*$B8))*(A_MBLG-A_VERB/(A_LUO+(A_LUO=0)*$B8)))/A_MPG_E,0))/(A_IST+(A_IST=0))-1)))/MAX(0.1,N(Parameter!$M$21)))) -> 70.49305 | N8: =SUMPRODUCT((A_LIFT=2)*((A_FACH>0)*A_FACH*(1+(A_KAPR>0)*((A_FINF*A_FINV+(1-A_FINF)*ROUNDUP((A_VERB/(A_LUO+(A_LUO=0)*$B8)+(A_MBLG>A_VERB/(A_LUO+(A_LUO=0)*$B8))*(A_MBLG-A_VERB/(A_LUO+(A_LUO=0)*$B8)))/A_MPG_E,0)*A_MPG_E)>A_KAPR)*((A_FINF*A_FINV+(1-A_FINF)*ROUNDUP((A_VERB/(A_LUO+(A_LUO=0)*$B8)+(A_MBLG>A_VERB/(A_LUO+(A_LUO=0)*$B8))*(A_MBLG-A_VERB/(A_LUO+(A_LUO=0)*$B8)))/A_MPG_E,0)*A_MPG_E)/(A_KAPR+(A_KAPR=0))-1))+(A_FACH=0)*((1-A_LOSE)*(A_GPT>0)*(A_FINF*A_FINN+(1-A_FINF)*ROUNDUP((A_VERB/(A_LUO+(A_LUO=0)*$B8)+(A_MBLG>A_VERB/(A_LUO+(A_LUO=0)*$B8))*(A_MBLG-A_VERB/(A_LUO+(A_LUO=0)*$B8)))/A_MPG_E,0))/(A_GPT+(A_GPT=0))+A_LOSE*((A_FINF*A_FINN+(1-A_FINF)*ROUNDUP((A_VERB/(A_LUO+(A_LUO=0)*$B8)+(A_MBLG>A_VERB/(A_LUO+(A_LUO=0)*$B8))*(A_MBLG-A_VERB/(A_LUO+(A_LUO=0)*$B8)))/A_MPG_E,0))>0)*A_LA*(1+(A_IST>0)*((A_FINF*A_FINN+(1-A_FINF)*ROUNDUP((A_VERB/(A_LUO+(A_LUO=0)*$B8)+(A_MBLG>A_VERB/(A_LUO+(A_LUO=0)*$B8))*(A_MBLG-A_VERB/(A_LUO+(A_LUO=0)*$B8)))/A_MPG_E,0))>A_IST)*((A_FINF*A_FINN+(1-A_FINF)*ROUNDUP((A_VERB/(A_LUO+(A_LUO=0)*$B8)+(A_MBLG>A_VERB/(A_LUO+(A_LUO=0)*$B8))*(A_MBLG-A_VERB/(A_LUO+(A_LUO=0)*$B8)))/A_MPG_E,0))/(A_IST+(A_IST=0))-1)))/MAX(0.1,N(Parameter!$M$21)))) -> 90.257576 | O8: =SUMPRODUCT((A_LIFT=3)*((A_FACH>0)*A_FACH*(1+(A_KAPR>0)*((A_FINF*A_FINV+(1-A_FINF)*ROUNDUP((A_VERB/(A_LUO+(A_LUO=0)*$B8)+(A_MBLG>A_VERB/(A_LUO+(A_LUO=0)*$B8))*(A_MBLG-A_VERB/(A_LUO+(A_LUO=0)*$B8)))/A_MPG_E,0)*A_MPG_E)>A_KAPR)*((A_FINF*A_FINV+(1-A_FINF)*ROUNDUP((A_VERB/(A_LUO+(A_LUO=0)*$B8)+(A_MBLG>A_VERB/(A_LUO+(A_LUO=0)*$B8))*(A_MBLG-A_VERB/(A_LUO+(A_LUO=0)*$B8)))/A_MPG_E,0)*A_MPG_E)/(A_KAPR+(A_KAPR=0))-1))+(A_FACH=0)*((1-A_LOSE)*(A_GPT>0)*(A_FINF*A_FINN+(1-A_FINF)*ROUNDUP((A_VERB/(A_LUO+(A_LUO=0)*$B8)+(A_MBLG>A_VERB/(A_LUO+(A_LUO=0)*$B8))*(A_MBLG-A_VERB/(A_LUO+(A_LUO=0)*$B8)))/A_MPG_E,0))/(A_GPT+(A_GPT=0))+A_LOSE*((A_FINF*A_FINN+(1-A_FINF)*ROUNDUP((A_VERB/(A_LUO+(A_LUO=0)*$B8)+(A_MBLG>A_VERB/(A_LUO+(A_LUO=0)*$B8))*(A_MBLG-A_VERB/(A_LUO+(A_LUO=0)*$B8)))/A_MPG_E,0))>0)*A_LA*(1+(A_IST>0)*((A_FINF*A_FINN+(1-A_FINF)*ROUNDUP((A_VERB/(A_LUO+(A_LUO=0)*$B8)+(A_MBLG>A_VERB/(A_LUO+(A_LUO=0)*$B8))*(A_MBLG-A_VERB/(A_LUO+(A_LUO=0)*$B8)))/A_MPG_E,0))>A_IST)*((A_FINF*A_FINN+(1-A_FINF)*ROUNDUP((A_VERB/(A_LUO+(A_LUO=0)*$B8)+(A_MBLG>A_VERB/(A_LUO+(A_LUO=0)*$B8))*(A_MBLG-A_VERB/(A_LUO+(A_LUO=0)*$B8)))/A_MPG_E,0))/(A_IST+(A_IST=0))-1)))/MAX(0.1,N(Parameter!$M$21)))) -> 35.506444 | P8: =SUMPRODUCT((A_LIFT="Aussen")*((A_FACH>0)*A_FACH*(1+(A_KAPR>0)*((A_FINF*A_FINV+(1-A_FINF)*ROUNDUP((A_VERB/(A_LUO+(A_LUO=0)*$B8)+(A_MBLG>A_VERB/(A_LUO+(A_LUO=0)*$B8))*(A_MBLG-A_VERB/(A_LUO+(A_LUO=0)*$B8)))/A_MPG_E,0)*A_MPG_E)>A_KAPR)*((A_FINF*A_FINV+(1-A_FINF)*ROUNDUP((A_VERB/(A_LUO+(A_LUO=0)*$B8)+(A_MBLG>A_VERB/(A_LUO+(A_LUO=0)*$B8))*(A_MBLG-A_VERB/(A_LUO+(A_LUO=0)*$B8)))/A_MPG_E,0)*A_MPG_E)/(A_KAPR+(A_KAPR=0))-1))+(A_FACH=0)*((1-A_LOSE)*(A_GPT>0)*(A_FINF*A_FINN+(1-A_FINF)*ROUNDUP((A_VERB/(A_LUO+(A_LUO=0)*$B8)+(A_MBLG>A_VERB/(A_LUO+(A_LUO=0)*$B8))*(A_MBLG-A_VERB/(A_LUO+(A_LUO=0)*$B8)))/A_MPG_E,0))/(A_GPT+(A_GPT=0))+A_LOSE*((A_FINF*A_FINN+(1-A_FINF)*ROUNDUP((A_VERB/(A_LUO+(A_LUO=0)*$B8)+(A_MBLG>A_VERB/(A_LUO+(A_LUO=0)*$B8))*(A_MBLG-A_VERB/(A_LUO+(A_LUO=0)*$B8)))/A_MPG_E,0))>0)*A_LA*(1+(A_IST>0)*((A_FINF*A_FINN+(1-A_FINF)*ROUNDUP((A_VERB/(A_LUO+(A_LUO=0)*$B8)+(A_MBLG>A_VERB/(A_LUO+(A_LUO=0)*$B8))*(A_MBLG-A_VERB/(A_LUO+(A_LUO=0)*$B8)))/A_MPG_E,0))>A_IST)*((A_FINF*A_FINN+(1-A_FINF)*ROUNDUP((A_VERB/(A_LUO+(A_LUO=0)*$B8)+(A_MBLG>A_VERB/(A_LUO+(A_LUO=0)*$B8))*(A_MBLG-A_VERB/(A_LUO+(A_LUO=0)*$B8)))/A_MPG_E,0))/(A_IST+(A_IST=0))-1)))/MAX(0.1,N(Parameter!$M$21)))) -> 0
A9: B – Ziel-LU | B9: =Parameter!$A$26 -> 2.5 | C9: =M9/Parameter!$E$5 -> 1.3310033 | D9: =N9/Parameter!$E$6 -> 1.7118182 | E9: =O9/Parameter!$E$7 -> 0.69666734 | F9: =(N9+O9)/(Parameter!$E$6+Parameter!$E$7) -> 1.2042428 | G9: =(M9+N9+O9)/Parameter!$E$8 -> 1.2464963 | H9: =IF(AND(M9<=Parameter!$E$5,N9+O9<=Parameter!$E$6+Parameter!$E$7),"JA","NEIN") -> NEIN | I9: =MAX(0,M9-Parameter!$E$5)+MAX(0,N9+O9-Parameter!$E$6-Parameter!$E$7)+P9 -> 36.974439 | J9: =SUMPRODUCT((A_FINF*A_FINV+(1-A_FINF)*ROUNDUP((A_VERB/(A_LUO+(A_LUO=0)*$B9)+(A_MBLG>A_VERB/(A_LUO+(A_LUO=0)*$B9))*(A_MBLG-A_VERB/(A_LUO+(A_LUO=0)*$B9)))/A_MPG_E,0)*A_MPG_E)*A_PREIS) -> 6973175.7 | K9: =J9-$J$5 -> 3522129.5 | L9: =(M9+N9+O9+P9)-($M$5+$N$5+$O$5+$P$5) -> 36.05985 | M9: =SUMPRODUCT((A_LIFT=1)*((A_FACH>0)*A_FACH*(1+(A_KAPR>0)*((A_FINF*A_FINV+(1-A_FINF)*ROUNDUP((A_VERB/(A_LUO+(A_LUO=0)*$B9)+(A_MBLG>A_VERB/(A_LUO+(A_LUO=0)*$B9))*(A_MBLG-A_VERB/(A_LUO+(A_LUO=0)*$B9)))/A_MPG_E,0)*A_MPG_E)>A_KAPR)*((A_FINF*A_FINV+(1-A_FINF)*ROUNDUP((A_VERB/(A_LUO+(A_LUO=0)*$B9)+(A_MBLG>A_VERB/(A_LUO+(A_LUO=0)*$B9))*(A_MBLG-A_VERB/(A_LUO+(A_LUO=0)*$B9)))/A_MPG_E,0)*A_MPG_E)/(A_KAPR+(A_KAPR=0))-1))+(A_FACH=0)*((1-A_LOSE)*(A_GPT>0)*(A_FINF*A_FINN+(1-A_FINF)*ROUNDUP((A_VERB/(A_LUO+(A_LUO=0)*$B9)+(A_MBLG>A_VERB/(A_LUO+(A_LUO=0)*$B9))*(A_MBLG-A_VERB/(A_LUO+(A_LUO=0)*$B9)))/A_MPG_E,0))/(A_GPT+(A_GPT=0))+A_LOSE*((A_FINF*A_FINN+(1-A_FINF)*ROUNDUP((A_VERB/(A_LUO+(A_LUO=0)*$B9)+(A_MBLG>A_VERB/(A_LUO+(A_LUO=0)*$B9))*(A_MBLG-A_VERB/(A_LUO+(A_LUO=0)*$B9)))/A_MPG_E,0))>0)*A_LA*(1+(A_IST>0)*((A_FINF*A_FINN+(1-A_FINF)*ROUNDUP((A_VERB/(A_LUO+(A_LUO=0)*$B9)+(A_MBLG>A_VERB/(A_LUO+(A_LUO=0)*$B9))*(A_MBLG-A_VERB/(A_LUO+(A_LUO=0)*$B9)))/A_MPG_E,0))>A_IST)*((A_FINF*A_FINN+(1-A_FINF)*ROUNDUP((A_VERB/(A_LUO+(A_LUO=0)*$B9)+(A_MBLG>A_VERB/(A_LUO+(A_LUO=0)*$B9))*(A_MBLG-A_VERB/(A_LUO+(A_LUO=0)*$B9)))/A_MPG_E,0))/(A_IST+(A_IST=0))-1)))/MAX(0.1,N(Parameter!$M$21)))) -> 66.550163 | N9: =SUMPRODUCT((A_LIFT=2)*((A_FACH>0)*A_FACH*(1+(A_KAPR>0)*((A_FINF*A_FINV+(1-A_FINF)*ROUNDUP((A_VERB/(A_LUO+(A_LUO=0)*$B9)+(A_MBLG>A_VERB/(A_LUO+(A_LUO=0)*$B9))*(A_MBLG-A_VERB/(A_LUO+(A_LUO=0)*$B9)))/A_MPG_E,0)*A_MPG_E)>A_KAPR)*((A_FINF*A_FINV+(1-A_FINF)*ROUNDUP((A_VERB/(A_LUO+(A_LUO=0)*$B9)+(A_MBLG>A_VERB/(A_LUO+(A_LUO=0)*$B9))*(A_MBLG-A_VERB/(A_LUO+(A_LUO=0)*$B9)))/A_MPG_E,0)*A_MPG_E)/(A_KAPR+(A_KAPR=0))-1))+(A_FACH=0)*((1-A_LOSE)*(A_GPT>0)*(A_FINF*A_FINN+(1-A_FINF)*ROUNDUP((A_VERB/(A_LUO+(A_LUO=0)*$B9)+(A_MBLG>A_VERB/(A_LUO+(A_LUO=0)*$B9))*(A_MBLG-A_VERB/(A_LUO+(A_LUO=0)*$B9)))/A_MPG_E,0))/(A_GPT+(A_GPT=0))+A_LOSE*((A_FINF*A_FINN+(1-A_FINF)*ROUNDUP((A_VERB/(A_LUO+(A_LUO=0)*$B9)+(A_MBLG>A_VERB/(A_LUO+(A_LUO=0)*$B9))*(A_MBLG-A_VERB/(A_LUO+(A_LUO=0)*$B9)))/A_MPG_E,0))>0)*A_LA*(1+(A_IST>0)*((A_FINF*A_FINN+(1-A_FINF)*ROUNDUP((A_VERB/(A_LUO+(A_LUO=0)*$B9)+(A_MBLG>A_VERB/(A_LUO+(A_LUO=0)*$B9))*(A_MBLG-A_VERB/(A_LUO+(A_LUO=0)*$B9)))/A_MPG_E,0))>A_IST)*((A_FINF*A_FINN+(1-A_FINF)*ROUNDUP((A_VERB/(A_LUO+(A_LUO=0)*$B9)+(A_MBLG>A_VERB/(A_LUO+(A_LUO=0)*$B9))*(A_MBLG-A_VERB/(A_LUO+(A_LUO=0)*$B9)))/A_MPG_E,0))/(A_IST+(A_IST=0))-1)))/MAX(0.1,N(Parameter!$M$21)))) -> 85.590909 | O9: =SUMPRODUCT((A_LIFT=3)*((A_FACH>0)*A_FACH*(1+(A_KAPR>0)*((A_FINF*A_FINV+(1-A_FINF)*ROUNDUP((A_VERB/(A_LUO+(A_LUO=0)*$B9)+(A_MBLG>A_VERB/(A_LUO+(A_LUO=0)*$B9))*(A_MBLG-A_VERB/(A_LUO+(A_LUO=0)*$B9)))/A_MPG_E,0)*A_MPG_E)>A_KAPR)*((A_FINF*A_FINV+(1-A_FINF)*ROUNDUP((A_VERB/(A_LUO+(A_LUO=0)*$B9)+(A_MBLG>A_VERB/(A_LUO+(A_LUO=0)*$B9))*(A_MBLG-A_VERB/(A_LUO+(A_LUO=0)*$B9)))/A_MPG_E,0)*A_MPG_E)/(A_KAPR+(A_KAPR=0))-1))+(A_FACH=0)*((1-A_LOSE)*(A_GPT>0)*(A_FINF*A_FINN+(1-A_FINF)*ROUNDUP((A_VERB/(A_LUO+(A_LUO=0)*$B9)+(A_MBLG>A_VERB/(A_LUO+(A_LUO=0)*$B9))*(A_MBLG-A_VERB/(A_LUO+(A_LUO=0)*$B9)))/A_MPG_E,0))/(A_GPT+(A_GPT=0))+A_LOSE*((A_FINF*A_FINN+(1-A_FINF)*ROUNDUP((A_VERB/(A_LUO+(A_LUO=0)*$B9)+(A_MBLG>A_VERB/(A_LUO+(A_LUO=0)*$B9))*(A_MBLG-A_VERB/(A_LUO+(A_LUO=0)*$B9)))/A_MPG_E,0))>0)*A_LA*(1+(A_IST>0)*((A_FINF*A_FINN+(1-A_FINF)*ROUNDUP((A_VERB/(A_LUO+(A_LUO=0)*$B9)+(A_MBLG>A_VERB/(A_LUO+(A_LUO=0)*$B9))*(A_MBLG-A_VERB/(A_LUO+(A_LUO=0)*$B9)))/A_MPG_E,0))>A_IST)*((A_FINF*A_FINN+(1-A_FINF)*ROUNDUP((A_VERB/(A_LUO+(A_LUO=0)*$B9)+(A_MBLG>A_VERB/(A_LUO+(A_LUO=0)*$B9))*(A_MBLG-A_VERB/(A_LUO+(A_LUO=0)*$B9)))/A_MPG_E,0))/(A_IST+(A_IST=0))-1)))/MAX(0.1,N(Parameter!$M$21)))) -> 34.833367 | P9: =SUMPRODUCT((A_LIFT="Aussen")*((A_FACH>0)*A_FACH*(1+(A_KAPR>0)*((A_FINF*A_FINV+(1-A_FINF)*ROUNDUP((A_VERB/(A_LUO+(A_LUO=0)*$B9)+(A_MBLG>A_VERB/(A_LUO+(A_LUO=0)*$B9))*(A_MBLG-A_VERB/(A_LUO+(A_LUO=0)*$B9)))/A_MPG_E,0)*A_MPG_E)>A_KAPR)*((A_FINF*A_FINV+(1-A_FINF)*ROUNDUP((A_VERB/(A_LUO+(A_LUO=0)*$B9)+(A_MBLG>A_VERB/(A_LUO+(A_LUO=0)*$B9))*(A_MBLG-A_VERB/(A_LUO+(A_LUO=0)*$B9)))/A_MPG_E,0)*A_MPG_E)/(A_KAPR+(A_KAPR=0))-1))+(A_FACH=0)*((1-A_LOSE)*(A_GPT>0)*(A_FINF*A_FINN+(1-A_FINF)*ROUNDUP((A_VERB/(A_LUO+(A_LUO=0)*$B9)+(A_MBLG>A_VERB/(A_LUO+(A_LUO=0)*$B9))*(A_MBLG-A_VERB/(A_LUO+(A_LUO=0)*$B9)))/A_MPG_E,0))/(A_GPT+(A_GPT=0))+A_LOSE*((A_FINF*A_FINN+(1-A_FINF)*ROUNDUP((A_VERB/(A_LUO+(A_LUO=0)*$B9)+(A_MBLG>A_VERB/(A_LUO+(A_LUO=0)*$B9))*(A_MBLG-A_VERB/(A_LUO+(A_LUO=0)*$B9)))/A_MPG_E,0))>0)*A_LA*(1+(A_IST>0)*((A_FINF*A_FINN+(1-A_FINF)*ROUNDUP((A_VERB/(A_LUO+(A_LUO=0)*$B9)+(A_MBLG>A_VERB/(A_LUO+(A_LUO=0)*$B9))*(A_MBLG-A_VERB/(A_LUO+(A_LUO=0)*$B9)))/A_MPG_E,0))>A_IST)*((A_FINF*A_FINN+(1-A_FINF)*ROUNDUP((A_VERB/(A_LUO+(A_LUO=0)*$B9)+(A_MBLG>A_VERB/(A_LUO+(A_LUO=0)*$B9))*(A_MBLG-A_VERB/(A_LUO+(A_LUO=0)*$B9)))/A_MPG_E,0))/(A_IST+(A_IST=0))-1)))/MAX(0.1,N(Parameter!$M$21)))) -> 0
A10: B – Ziel-LU | B10: =Parameter!$A$27 -> 3 | C10: =M10/Parameter!$E$5 -> 1.2831972 | D10: =N10/Parameter!$E$6 -> 1.6318182 | E10: =O10/Parameter!$E$7 -> 0.68928972 | F10: =(N10+O10)/(Parameter!$E$6+Parameter!$E$7) -> 1.160554 | G10: =(M10+N10+O10)/Parameter!$E$8 -> 1.201435 | H10: =IF(AND(M10<=Parameter!$E$5,N10+O10<=Parameter!$E$6+Parameter!$E$7),"JA","NEIN") -> NEIN | I10: =MAX(0,M10-Parameter!$E$5)+MAX(0,N10+O10-Parameter!$E$6-Parameter!$E$7)+P10 -> 30.215256 | J10: =SUMPRODUCT((A_FINF*A_FINV+(1-A_FINF)*ROUNDUP((A_VERB/(A_LUO+(A_LUO=0)*$B10)+(A_MBLG>A_VERB/(A_LUO+(A_LUO=0)*$B10))*(A_MBLG-A_VERB/(A_LUO+(A_LUO=0)*$B10)))/A_MPG_E,0)*A_MPG_E)*A_PREIS) -> 6597211.3 | K10: =J10-$J$5 -> 3146165.1 | L10: =(M10+N10+O10+P10)-($M$5+$N$5+$O$5+$P$5) -> 29.300667 | M10: =SUMPRODUCT((A_LIFT=1)*((A_FACH>0)*A_FACH*(1+(A_KAPR>0)*((A_FINF*A_FINV+(1-A_FINF)*ROUNDUP((A_VERB/(A_LUO+(A_LUO=0)*$B10)+(A_MBLG>A_VERB/(A_LUO+(A_LUO=0)*$B10))*(A_MBLG-A_VERB/(A_LUO+(A_LUO=0)*$B10)))/A_MPG_E,0)*A_MPG_E)>A_KAPR)*((A_FINF*A_FINV+(1-A_FINF)*ROUNDUP((A_VERB/(A_LUO+(A_LUO=0)*$B10)+(A_MBLG>A_VERB/(A_LUO+(A_LUO=0)*$B10))*(A_MBLG-A_VERB/(A_LUO+(A_LUO=0)*$B10)))/A_MPG_E,0)*A_MPG_E)/(A_KAPR+(A_KAPR=0))-1))+(A_FACH=0)*((1-A_LOSE)*(A_GPT>0)*(A_FINF*A_FINN+(1-A_FINF)*ROUNDUP((A_VERB/(A_LUO+(A_LUO=0)*$B10)+(A_MBLG>A_VERB/(A_LUO+(A_LUO=0)*$B10))*(A_MBLG-A_VERB/(A_LUO+(A_LUO=0)*$B10)))/A_MPG_E,0))/(A_GPT+(A_GPT=0))+A_LOSE*((A_FINF*A_FINN+(1-A_FINF)*ROUNDUP((A_VERB/(A_LUO+(A_LUO=0)*$B10)+(A_MBLG>A_VERB/(A_LUO+(A_LUO=0)*$B10))*(A_MBLG-A_VERB/(A_LUO+(A_LUO=0)*$B10)))/A_MPG_E,0))>0)*A_LA*(1+(A_IST>0)*((A_FINF*A_FINN+(1-A_FINF)*ROUNDUP((A_VERB/(A_LUO+(A_LUO=0)*$B10)+(A_MBLG>A_VERB/(A_LUO+(A_LUO=0)*$B10))*(A_MBLG-A_VERB/(A_LUO+(A_LUO=0)*$B10)))/A_MPG_E,0))>A_IST)*((A_FINF*A_FINN+(1-A_FINF)*ROUNDUP((A_VERB/(A_LUO+(A_LUO=0)*$B10)+(A_MBLG>A_VERB/(A_LUO+(A_LUO=0)*$B10))*(A_MBLG-A_VERB/(A_LUO+(A_LUO=0)*$B10)))/A_MPG_E,0))/(A_IST+(A_IST=0))-1)))/MAX(0.1,N(Parameter!$M$21)))) -> 64.159861 | N10: =SUMPRODUCT((A_LIFT=2)*((A_FACH>0)*A_FACH*(1+(A_KAPR>0)*((A_FINF*A_FINV+(1-A_FINF)*ROUNDUP((A_VERB/(A_LUO+(A_LUO=0)*$B10)+(A_MBLG>A_VERB/(A_LUO+(A_LUO=0)*$B10))*(A_MBLG-A_VERB/(A_LUO+(A_LUO=0)*$B10)))/A_MPG_E,0)*A_MPG_E)>A_KAPR)*((A_FINF*A_FINV+(1-A_FINF)*ROUNDUP((A_VERB/(A_LUO+(A_LUO=0)*$B10)+(A_MBLG>A_VERB/(A_LUO+(A_LUO=0)*$B10))*(A_MBLG-A_VERB/(A_LUO+(A_LUO=0)*$B10)))/A_MPG_E,0)*A_MPG_E)/(A_KAPR+(A_KAPR=0))-1))+(A_FACH=0)*((1-A_LOSE)*(A_GPT>0)*(A_FINF*A_FINN+(1-A_FINF)*ROUNDUP((A_VERB/(A_LUO+(A_LUO=0)*$B10)+(A_MBLG>A_VERB/(A_LUO+(A_LUO=0)*$B10))*(A_MBLG-A_VERB/(A_LUO+(A_LUO=0)*$B10)))/A_MPG_E,0))/(A_GPT+(A_GPT=0))+A_LOSE*((A_FINF*A_FINN+(1-A_FINF)*ROUNDUP((A_VERB/(A_LUO+(A_LUO=0)*$B10)+(A_MBLG>A_VERB/(A_LUO+(A_LUO=0)*$B10))*(A_MBLG-A_VERB/(A_LUO+(A_LUO=0)*$B10)))/A_MPG_E,0))>0)*A_LA*(1+(A_IST>0)*((A_FINF*A_FINN+(1-A_FINF)*ROUNDUP((A_VERB/(A_LUO+(A_LUO=0)*$B10)+(A_MBLG>A_VERB/(A_LUO+(A_LUO=0)*$B10))*(A_MBLG-A_VERB/(A_LUO+(A_LUO=0)*$B10)))/A_MPG_E,0))>A_IST)*((A_FINF*A_FINN+(1-A_FINF)*ROUNDUP((A_VERB/(A_LUO+(A_LUO=0)*$B10)+(A_MBLG>A_VERB/(A_LUO+(A_LUO=0)*$B10))*(A_MBLG-A_VERB/(A_LUO+(A_LUO=0)*$B10)))/A_MPG_E,0))/(A_IST+(A_IST=0))-1)))/MAX(0.1,N(Parameter!$M$21)))) -> 81.590909 | O10: =SUMPRODUCT((A_LIFT=3)*((A_FACH>0)*A_FACH*(1+(A_KAPR>0)*((A_FINF*A_FINV+(1-A_FINF)*ROUNDUP((A_VERB/(A_LUO+(A_LUO=0)*$B10)+(A_MBLG>A_VERB/(A_LUO+(A_LUO=0)*$B10))*(A_MBLG-A_VERB/(A_LUO+(A_LUO=0)*$B10)))/A_MPG_E,0)*A_MPG_E)>A_KAPR)*((A_FINF*A_FINV+(1-A_FINF)*ROUNDUP((A_VERB/(A_LUO+(A_LUO=0)*$B10)+(A_MBLG>A_VERB/(A_LUO+(A_LUO=0)*$B10))*(A_MBLG-A_VERB/(A_LUO+(A_LUO=0)*$B10)))/A_MPG_E,0)*A_MPG_E)/(A_KAPR+(A_KAPR=0))-1))+(A_FACH=0)*((1-A_LOSE)*(A_GPT>0)*(A_FINF*A_FINN+(1-A_FINF)*ROUNDUP((A_VERB/(A_LUO+(A_LUO=0)*$B10)+(A_MBLG>A_VERB/(A_LUO+(A_LUO=0)*$B10))*(A_MBLG-A_VERB/(A_LUO+(A_LUO=0)*$B10)))/A_MPG_E,0))/(A_GPT+(A_GPT=0))+A_LOSE*((A_FINF*A_FINN+(1-A_FINF)*ROUNDUP((A_VERB/(A_LUO+(A_LUO=0)*$B10)+(A_MBLG>A_VERB/(A_LUO+(A_LUO=0)*$B10))*(A_MBLG-A_VERB/(A_LUO+(A_LUO=0)*$B10)))/A_MPG_E,0))>0)*A_LA*(1+(A_IST>0)*((A_FINF*A_FINN+(1-A_FINF)*ROUNDUP((A_VERB/(A_LUO+(A_LUO=0)*$B10)+(A_MBLG>A_VERB/(A_LUO+(A_LUO=0)*$B10))*(A_MBLG-A_VERB/(A_LUO+(A_LUO=0)*$B10)))/A_MPG_E,0))>A_IST)*((A_FINF*A_FINN+(1-A_FINF)*ROUNDUP((A_VERB/(A_LUO+(A_LUO=0)*$B10)+(A_MBLG>A_VERB/(A_LUO+(A_LUO=0)*$B10))*(A_MBLG-A_VERB/(A_LUO+(A_LUO=0)*$B10)))/A_MPG_E,0))/(A_IST+(A_IST=0))-1)))/MAX(0.1,N(Parameter!$M$21)))) -> 34.464486 | P10: =SUMPRODUCT((A_LIFT="Aussen")*((A_FACH>0)*A_FACH*(1+(A_KAPR>0)*((A_FINF*A_FINV+(1-A_FINF)*ROUNDUP((A_VERB/(A_LUO+(A_LUO=0)*$B10)+(A_MBLG>A_VERB/(A_LUO+(A_LUO=0)*$B10))*(A_MBLG-A_VERB/(A_LUO+(A_LUO=0)*$B10)))/A_MPG_E,0)*A_MPG_E)>A_KAPR)*((A_FINF*A_FINV+(1-A_FINF)*ROUNDUP((A_VERB/(A_LUO+(A_LUO=0)*$B10)+(A_MBLG>A_VERB/(A_LUO+(A_LUO=0)*$B10))*(A_MBLG-A_VERB/(A_LUO+(A_LUO=0)*$B10)))/A_MPG_E,0)*A_MPG_E)/(A_KAPR+(A_KAPR=0))-1))+(A_FACH=0)*((1-A_LOSE)*(A_GPT>0)*(A_FINF*A_FINN+(1-A_FINF)*ROUNDUP((A_VERB/(A_LUO+(A_LUO=0)*$B10)+(A_MBLG>A_VERB/(A_LUO+(A_LUO=0)*$B10))*(A_MBLG-A_VERB/(A_LUO+(A_LUO=0)*$B10)))/A_MPG_E,0))/(A_GPT+(A_GPT=0))+A_LOSE*((A_FINF*A_FINN+(1-A_FINF)*ROUNDUP((A_VERB/(A_LUO+(A_LUO=0)*$B10)+(A_MBLG>A_VERB/(A_LUO+(A_LUO=0)*$B10))*(A_MBLG-A_VERB/(A_LUO+(A_LUO=0)*$B10)))/A_MPG_E,0))>0)*A_LA*(1+(A_IST>0)*((A_FINF*A_FINN+(1-A_FINF)*ROUNDUP((A_VERB/(A_LUO+(A_LUO=0)*$B10)+(A_MBLG>A_VERB/(A_LUO+(A_LUO=0)*$B10))*(A_MBLG-A_VERB/(A_LUO+(A_LUO=0)*$B10)))/A_MPG_E,0))>A_IST)*((A_FINF*A_FINN+(1-A_FINF)*ROUNDUP((A_VERB/(A_LUO+(A_LUO=0)*$B10)+(A_MBLG>A_VERB/(A_LUO+(A_LUO=0)*$B10))*(A_MBLG-A_VERB/(A_LUO+(A_LUO=0)*$B10)))/A_MPG_E,0))/(A_IST+(A_IST=0))-1)))/MAX(0.1,N(Parameter!$M$21)))) -> 0
A11: B – Ziel-LU | B11: =Parameter!$A$28 -> 4 | C11: =M11/Parameter!$E$5 -> 1.2439223 | D11: =N11/Parameter!$E$6 -> 1.5534848 | E11: =O11/Parameter!$E$7 -> 0.67821746 | F11: =(N11+O11)/(Parameter!$E$6+Parameter!$E$7) -> 1.1158512 | G11: =(M11+N11+O11)/Parameter!$E$8 -> 1.1585415 | H11: =IF(AND(M11<=Parameter!$E$5,N11+O11<=Parameter!$E$6+Parameter!$E$7),"JA","NEIN") -> NEIN | I11: =MAX(0,M11-Parameter!$E$5)+MAX(0,N11+O11-Parameter!$E$6-Parameter!$E$7)+P11 -> 23.781229 | J11: =SUMPRODUCT((A_FINF*A_FINV+(1-A_FINF)*ROUNDUP((A_VERB/(A_LUO+(A_LUO=0)*$B11)+(A_MBLG>A_VERB/(A_LUO+(A_LUO=0)*$B11))*(A_MBLG-A_VERB/(A_LUO+(A_LUO=0)*$B11)))/A_MPG_E,0)*A_MPG_E)*A_PREIS) -> 6188765.1 | K11: =J11-$J$5 -> 2737718.9 | L11: =(M11+N11+O11+P11)-($M$5+$N$5+$O$5+$P$5) -> 22.86664 | M11: =SUMPRODUCT((A_LIFT=1)*((A_FACH>0)*A_FACH*(1+(A_KAPR>0)*((A_FINF*A_FINV+(1-A_FINF)*ROUNDUP((A_VERB/(A_LUO+(A_LUO=0)*$B11)+(A_MBLG>A_VERB/(A_LUO+(A_LUO=0)*$B11))*(A_MBLG-A_VERB/(A_LUO+(A_LUO=0)*$B11)))/A_MPG_E,0)*A_MPG_E)>A_KAPR)*((A_FINF*A_FINV+(1-A_FINF)*ROUNDUP((A_VERB/(A_LUO+(A_LUO=0)*$B11)+(A_MBLG>A_VERB/(A_LUO+(A_LUO=0)*$B11))*(A_MBLG-A_VERB/(A_LUO+(A_LUO=0)*$B11)))/A_MPG_E,0)*A_MPG_E)/(A_KAPR+(A_KAPR=0))-1))+(A_FACH=0)*((1-A_LOSE)*(A_GPT>0)*(A_FINF*A_FINN+(1-A_FINF)*ROUNDUP((A_VERB/(A_LUO+(A_LUO=0)*$B11)+(A_MBLG>A_VERB/(A_LUO+(A_LUO=0)*$B11))*(A_MBLG-A_VERB/(A_LUO+(A_LUO=0)*$B11)))/A_MPG_E,0))/(A_GPT+(A_GPT=0))+A_LOSE*((A_FINF*A_FINN+(1-A_FINF)*ROUNDUP((A_VERB/(A_LUO+(A_LUO=0)*$B11)+(A_MBLG>A_VERB/(A_LUO+(A_LUO=0)*$B11))*(A_MBLG-A_VERB/(A_LUO+(A_LUO=0)*$B11)))/A_MPG_E,0))>0)*A_LA*(1+(A_IST>0)*((A_FINF*A_FINN+(1-A_FINF)*ROUNDUP((A_VERB/(A_LUO+(A_LUO=0)*$B11)+(A_MBLG>A_VERB/(A_LUO+(A_LUO=0)*$B11))*(A_MBLG-A_VERB/(A_LUO+(A_LUO=0)*$B11)))/A_MPG_E,0))>A_IST)*((A_FINF*A_FINN+(1-A_FINF)*ROUNDUP((A_VERB/(A_LUO+(A_LUO=0)*$B11)+(A_MBLG>A_VERB/(A_LUO+(A_LUO=0)*$B11))*(A_MBLG-A_VERB/(A_LUO+(A_LUO=0)*$B11)))/A_MPG_E,0))/(A_IST+(A_IST=0))-1)))/MAX(0.1,N(Parameter!$M$21)))) -> 62.196114 | N11: =SUMPRODUCT((A_LIFT=2)*((A_FACH>0)*A_FACH*(1+(A_KAPR>0)*((A_FINF*A_FINV+(1-A_FINF)*ROUNDUP((A_VERB/(A_LUO+(A_LUO=0)*$B11)+(A_MBLG>A_VERB/(A_LUO+(A_LUO=0)*$B11))*(A_MBLG-A_VERB/(A_LUO+(A_LUO=0)*$B11)))/A_MPG_E,0)*A_MPG_E)>A_KAPR)*((A_FINF*A_FINV+(1-A_FINF)*ROUNDUP((A_VERB/(A_LUO+(A_LUO=0)*$B11)+(A_MBLG>A_VERB/(A_LUO+(A_LUO=0)*$B11))*(A_MBLG-A_VERB/(A_LUO+(A_LUO=0)*$B11)))/A_MPG_E,0)*A_MPG_E)/(A_KAPR+(A_KAPR=0))-1))+(A_FACH=0)*((1-A_LOSE)*(A_GPT>0)*(A_FINF*A_FINN+(1-A_FINF)*ROUNDUP((A_VERB/(A_LUO+(A_LUO=0)*$B11)+(A_MBLG>A_VERB/(A_LUO+(A_LUO=0)*$B11))*(A_MBLG-A_VERB/(A_LUO+(A_LUO=0)*$B11)))/A_MPG_E,0))/(A_GPT+(A_GPT=0))+A_LOSE*((A_FINF*A_FINN+(1-A_FINF)*ROUNDUP((A_VERB/(A_LUO+(A_LUO=0)*$B11)+(A_MBLG>A_VERB/(A_LUO+(A_LUO=0)*$B11))*(A_MBLG-A_VERB/(A_LUO+(A_LUO=0)*$B11)))/A_MPG_E,0))>0)*A_LA*(1+(A_IST>0)*((A_FINF*A_FINN+(1-A_FINF)*ROUNDUP((A_VERB/(A_LUO+(A_LUO=0)*$B11)+(A_MBLG>A_VERB/(A_LUO+(A_LUO=0)*$B11))*(A_MBLG-A_VERB/(A_LUO+(A_LUO=0)*$B11)))/A_MPG_E,0))>A_IST)*((A_FINF*A_FINN+(1-A_FINF)*ROUNDUP((A_VERB/(A_LUO+(A_LUO=0)*$B11)+(A_MBLG>A_VERB/(A_LUO+(A_LUO=0)*$B11))*(A_MBLG-A_VERB/(A_LUO+(A_LUO=0)*$B11)))/A_MPG_E,0))/(A_IST+(A_IST=0))-1)))/MAX(0.1,N(Parameter!$M$21)))) -> 77.674242 | O11: =SUMPRODUCT((A_LIFT=3)*((A_FACH>0)*A_FACH*(1+(A_KAPR>0)*((A_FINF*A_FINV+(1-A_FINF)*ROUNDUP((A_VERB/(A_LUO+(A_LUO=0)*$B11)+(A_MBLG>A_VERB/(A_LUO+(A_LUO=0)*$B11))*(A_MBLG-A_VERB/(A_LUO+(A_LUO=0)*$B11)))/A_MPG_E,0)*A_MPG_E)>A_KAPR)*((A_FINF*A_FINV+(1-A_FINF)*ROUNDUP((A_VERB/(A_LUO+(A_LUO=0)*$B11)+(A_MBLG>A_VERB/(A_LUO+(A_LUO=0)*$B11))*(A_MBLG-A_VERB/(A_LUO+(A_LUO=0)*$B11)))/A_MPG_E,0)*A_MPG_E)/(A_KAPR+(A_KAPR=0))-1))+(A_FACH=0)*((1-A_LOSE)*(A_GPT>0)*(A_FINF*A_FINN+(1-A_FINF)*ROUNDUP((A_VERB/(A_LUO+(A_LUO=0)*$B11)+(A_MBLG>A_VERB/(A_LUO+(A_LUO=0)*$B11))*(A_MBLG-A_VERB/(A_LUO+(A_LUO=0)*$B11)))/A_MPG_E,0))/(A_GPT+(A_GPT=0))+A_LOSE*((A_FINF*A_FINN+(1-A_FINF)*ROUNDUP((A_VERB/(A_LUO+(A_LUO=0)*$B11)+(A_MBLG>A_VERB/(A_LUO+(A_LUO=0)*$B11))*(A_MBLG-A_VERB/(A_LUO+(A_LUO=0)*$B11)))/A_MPG_E,0))>0)*A_LA*(1+(A_IST>0)*((A_FINF*A_FINN+(1-A_FINF)*ROUNDUP((A_VERB/(A_LUO+(A_LUO=0)*$B11)+(A_MBLG>A_VERB/(A_LUO+(A_LUO=0)*$B11))*(A_MBLG-A_VERB/(A_LUO+(A_LUO=0)*$B11)))/A_MPG_E,0))>A_IST)*((A_FINF*A_FINN+(1-A_FINF)*ROUNDUP((A_VERB/(A_LUO+(A_LUO=0)*$B11)+(A_MBLG>A_VERB/(A_LUO+(A_LUO=0)*$B11))*(A_MBLG-A_VERB/(A_LUO+(A_LUO=0)*$B11)))/A_MPG_E,0))/(A_IST+(A_IST=0))-1)))/MAX(0.1,N(Parameter!$M$21)))) -> 33.910873 | P11: =SUMPRODUCT((A_LIFT="Aussen")*((A_FACH>0)*A_FACH*(1+(A_KAPR>0)*((A_FINF*A_FINV+(1-A_FINF)*ROUNDUP((A_VERB/(A_LUO+(A_LUO=0)*$B11)+(A_MBLG>A_VERB/(A_LUO+(A_LUO=0)*$B11))*(A_MBLG-A_VERB/(A_LUO+(A_LUO=0)*$B11)))/A_MPG_E,0)*A_MPG_E)>A_KAPR)*((A_FINF*A_FINV+(1-A_FINF)*ROUNDUP((A_VERB/(A_LUO+(A_LUO=0)*$B11)+(A_MBLG>A_VERB/(A_LUO+(A_LUO=0)*$B11))*(A_MBLG-A_VERB/(A_LUO+(A_LUO=0)*$B11)))/A_MPG_E,0)*A_MPG_E)/(A_KAPR+(A_KAPR=0))-1))+(A_FACH=0)*((1-A_LOSE)*(A_GPT>0)*(A_FINF*A_FINN+(1-A_FINF)*ROUNDUP((A_VERB/(A_LUO+(A_LUO=0)*$B11)+(A_MBLG>A_VERB/(A_LUO+(A_LUO=0)*$B11))*(A_MBLG-A_VERB/(A_LUO+(A_LUO=0)*$B11)))/A_MPG_E,0))/(A_GPT+(A_GPT=0))+A_LOSE*((A_FINF*A_FINN+(1-A_FINF)*ROUNDUP((A_VERB/(A_LUO+(A_LUO=0)*$B11)+(A_MBLG>A_VERB/(A_LUO+(A_LUO=0)*$B11))*(A_MBLG-A_VERB/(A_LUO+(A_LUO=0)*$B11)))/A_MPG_E,0))>0)*A_LA*(1+(A_IST>0)*((A_FINF*A_FINN+(1-A_FINF)*ROUNDUP((A_VERB/(A_LUO+(A_LUO=0)*$B11)+(A_MBLG>A_VERB/(A_LUO+(A_LUO=0)*$B11))*(A_MBLG-A_VERB/(A_LUO+(A_LUO=0)*$B11)))/A_MPG_E,0))>A_IST)*((A_FINF*A_FINN+(1-A_FINF)*ROUNDUP((A_VERB/(A_LUO+(A_LUO=0)*$B11)+(A_MBLG>A_VERB/(A_LUO+(A_LUO=0)*$B11))*(A_MBLG-A_VERB/(A_LUO+(A_LUO=0)*$B11)))/A_MPG_E,0))/(A_IST+(A_IST=0))-1)))/MAX(0.1,N(Parameter!$M$21)))) -> 0
A12: B – Ziel-LU | B12: =Parameter!$A$29 -> 5 | C12: =M12/Parameter!$E$5 -> 1.2284167 | D12: =N12/Parameter!$E$6 -> 1.5118182 | E12: =O12/Parameter!$E$7 -> 0.67437131 | F12: =(N12+O12)/(Parameter!$E$6+Parameter!$E$7) -> 1.0930947 | G12: =(M12+N12+O12)/Parameter!$E$8 -> 1.1382021 | H12: =IF(AND(M12<=Parameter!$E$5,N12+O12<=Parameter!$E$6+Parameter!$E$7),"JA","NEIN") -> NEIN | I12: =MAX(0,M12-Parameter!$E$5)+MAX(0,N12+O12-Parameter!$E$6-Parameter!$E$7)+P12 -> 20.730309 | J12: =SUMPRODUCT((A_FINF*A_FINV+(1-A_FINF)*ROUNDUP((A_VERB/(A_LUO+(A_LUO=0)*$B12)+(A_MBLG>A_VERB/(A_LUO+(A_LUO=0)*$B12))*(A_MBLG-A_VERB/(A_LUO+(A_LUO=0)*$B12)))/A_MPG_E,0)*A_MPG_E)*A_PREIS) -> 5942935.1 | K12: =J12-$J$5 -> 2491888.8 | L12: =(M12+N12+O12+P12)-($M$5+$N$5+$O$5+$P$5) -> 19.81572 | M12: =SUMPRODUCT((A_LIFT=1)*((A_FACH>0)*A_FACH*(1+(A_KAPR>0)*((A_FINF*A_FINV+(1-A_FINF)*ROUNDUP((A_VERB/(A_LUO+(A_LUO=0)*$B12)+(A_MBLG>A_VERB/(A_LUO+(A_LUO=0)*$B12))*(A_MBLG-A_VERB/(A_LUO+(A_LUO=0)*$B12)))/A_MPG_E,0)*A_MPG_E)>A_KAPR)*((A_FINF*A_FINV+(1-A_FINF)*ROUNDUP((A_VERB/(A_LUO+(A_LUO=0)*$B12)+(A_MBLG>A_VERB/(A_LUO+(A_LUO=0)*$B12))*(A_MBLG-A_VERB/(A_LUO+(A_LUO=0)*$B12)))/A_MPG_E,0)*A_MPG_E)/(A_KAPR+(A_KAPR=0))-1))+(A_FACH=0)*((1-A_LOSE)*(A_GPT>0)*(A_FINF*A_FINN+(1-A_FINF)*ROUNDUP((A_VERB/(A_LUO+(A_LUO=0)*$B12)+(A_MBLG>A_VERB/(A_LUO+(A_LUO=0)*$B12))*(A_MBLG-A_VERB/(A_LUO+(A_LUO=0)*$B12)))/A_MPG_E,0))/(A_GPT+(A_GPT=0))+A_LOSE*((A_FINF*A_FINN+(1-A_FINF)*ROUNDUP((A_VERB/(A_LUO+(A_LUO=0)*$B12)+(A_MBLG>A_VERB/(A_LUO+(A_LUO=0)*$B12))*(A_MBLG-A_VERB/(A_LUO+(A_LUO=0)*$B12)))/A_MPG_E,0))>0)*A_LA*(1+(A_IST>0)*((A_FINF*A_FINN+(1-A_FINF)*ROUNDUP((A_VERB/(A_LUO+(A_LUO=0)*$B12)+(A_MBLG>A_VERB/(A_LUO+(A_LUO=0)*$B12))*(A_MBLG-A_VERB/(A_LUO+(A_LUO=0)*$B12)))/A_MPG_E,0))>A_IST)*((A_FINF*A_FINN+(1-A_FINF)*ROUNDUP((A_VERB/(A_LUO+(A_LUO=0)*$B12)+(A_MBLG>A_VERB/(A_LUO+(A_LUO=0)*$B12))*(A_MBLG-A_VERB/(A_LUO+(A_LUO=0)*$B12)))/A_MPG_E,0))/(A_IST+(A_IST=0))-1)))/MAX(0.1,N(Parameter!$M$21)))) -> 61.420835 | N12: =SUMPRODUCT((A_LIFT=2)*((A_FACH>0)*A_FACH*(1+(A_KAPR>0)*((A_FINF*A_FINV+(1-A_FINF)*ROUNDUP((A_VERB/(A_LUO+(A_LUO=0)*$B12)+(A_MBLG>A_VERB/(A_LUO+(A_LUO=0)*$B12))*(A_MBLG-A_VERB/(A_LUO+(A_LUO=0)*$B12)))/A_MPG_E,0)*A_MPG_E)>A_KAPR)*((A_FINF*A_FINV+(1-A_FINF)*ROUNDUP((A_VERB/(A_LUO+(A_LUO=0)*$B12)+(A_MBLG>A_VERB/(A_LUO+(A_LUO=0)*$B12))*(A_MBLG-A_VERB/(A_LUO+(A_LUO=0)*$B12)))/A_MPG_E,0)*A_MPG_E)/(A_KAPR+(A_KAPR=0))-1))+(A_FACH=0)*((1-A_LOSE)*(A_GPT>0)*(A_FINF*A_FINN+(1-A_FINF)*ROUNDUP((A_VERB/(A_LUO+(A_LUO=0)*$B12)+(A_MBLG>A_VERB/(A_LUO+(A_LUO=0)*$B12))*(A_MBLG-A_VERB/(A_LUO+(A_LUO=0)*$B12)))/A_MPG_E,0))/(A_GPT+(A_GPT=0))+A_LOSE*((A_FINF*A_FINN+(1-A_FINF)*ROUNDUP((A_VERB/(A_LUO+(A_LUO=0)*$B12)+(A_MBLG>A_VERB/(A_LUO+(A_LUO=0)*$B12))*(A_MBLG-A_VERB/(A_LUO+(A_LUO=0)*$B12)))/A_MPG_E,0))>0)*A_LA*(1+(A_IST>0)*((A_FINF*A_FINN+(1-A_FINF)*ROUNDUP((A_VERB/(A_LUO+(A_LUO=0)*$B12)+(A_MBLG>A_VERB/(A_LUO+(A_LUO=0)*$B12))*(A_MBLG-A_VERB/(A_LUO+(A_LUO=0)*$B12)))/A_MPG_E,0))>A_IST)*((A_FINF*A_FINN+(1-A_FINF)*ROUNDUP((A_VERB/(A_LUO+(A_LUO=0)*$B12)+(A_MBLG>A_VERB/(A_LUO+(A_LUO=0)*$B12))*(A_MBLG-A_VERB/(A_LUO+(A_LUO=0)*$B12)))/A_MPG_E,0))/(A_IST+(A_IST=0))-1)))/MAX(0.1,N(Parameter!$M$21)))) -> 75.590909 | O12: =SUMPRODUCT((A_LIFT=3)*((A_FACH>0)*A_FACH*(1+(A_KAPR>0)*((A_FINF*A_FINV+(1-A_FINF)*ROUNDUP((A_VERB/(A_LUO+(A_LUO=0)*$B12)+(A_MBLG>A_VERB/(A_LUO+(A_LUO=0)*$B12))*(A_MBLG-A_VERB/(A_LUO+(A_LUO=0)*$B12)))/A_MPG_E,0)*A_MPG_E)>A_KAPR)*((A_FINF*A_FINV+(1-A_FINF)*ROUNDUP((A_VERB/(A_LUO+(A_LUO=0)*$B12)+(A_MBLG>A_VERB/(A_LUO+(A_LUO=0)*$B12))*(A_MBLG-A_VERB/(A_LUO+(A_LUO=0)*$B12)))/A_MPG_E,0)*A_MPG_E)/(A_KAPR+(A_KAPR=0))-1))+(A_FACH=0)*((1-A_LOSE)*(A_GPT>0)*(A_FINF*A_FINN+(1-A_FINF)*ROUNDUP((A_VERB/(A_LUO+(A_LUO=0)*$B12)+(A_MBLG>A_VERB/(A_LUO+(A_LUO=0)*$B12))*(A_MBLG-A_VERB/(A_LUO+(A_LUO=0)*$B12)))/A_MPG_E,0))/(A_GPT+(A_GPT=0))+A_LOSE*((A_FINF*A_FINN+(1-A_FINF)*ROUNDUP((A_VERB/(A_LUO+(A_LUO=0)*$B12)+(A_MBLG>A_VERB/(A_LUO+(A_LUO=0)*$B12))*(A_MBLG-A_VERB/(A_LUO+(A_LUO=0)*$B12)))/A_MPG_E,0))>0)*A_LA*(1+(A_IST>0)*((A_FINF*A_FINN+(1-A_FINF)*ROUNDUP((A_VERB/(A_LUO+(A_LUO=0)*$B12)+(A_MBLG>A_VERB/(A_LUO+(A_LUO=0)*$B12))*(A_MBLG-A_VERB/(A_LUO+(A_LUO=0)*$B12)))/A_MPG_E,0))>A_IST)*((A_FINF*A_FINN+(1-A_FINF)*ROUNDUP((A_VERB/(A_LUO+(A_LUO=0)*$B12)+(A_MBLG>A_VERB/(A_LUO+(A_LUO=0)*$B12))*(A_MBLG-A_VERB/(A_LUO+(A_LUO=0)*$B12)))/A_MPG_E,0))/(A_IST+(A_IST=0))-1)))/MAX(0.1,N(Parameter!$M$21)))) -> 33.718565 | P12: =SUMPRODUCT((A_LIFT="Aussen")*((A_FACH>0)*A_FACH*(1+(A_KAPR>0)*((A_FINF*A_FINV+(1-A_FINF)*ROUNDUP((A_VERB/(A_LUO+(A_LUO=0)*$B12)+(A_MBLG>A_VERB/(A_LUO+(A_LUO=0)*$B12))*(A_MBLG-A_VERB/(A_LUO+(A_LUO=0)*$B12)))/A_MPG_E,0)*A_MPG_E)>A_KAPR)*((A_FINF*A_FINV+(1-A_FINF)*ROUNDUP((A_VERB/(A_LUO+(A_LUO=0)*$B12)+(A_MBLG>A_VERB/(A_LUO+(A_LUO=0)*$B12))*(A_MBLG-A_VERB/(A_LUO+(A_LUO=0)*$B12)))/A_MPG_E,0)*A_MPG_E)/(A_KAPR+(A_KAPR=0))-1))+(A_FACH=0)*((1-A_LOSE)*(A_GPT>0)*(A_FINF*A_FINN+(1-A_FINF)*ROUNDUP((A_VERB/(A_LUO+(A_LUO=0)*$B12)+(A_MBLG>A_VERB/(A_LUO+(A_LUO=0)*$B12))*(A_MBLG-A_VERB/(A_LUO+(A_LUO=0)*$B12)))/A_MPG_E,0))/(A_GPT+(A_GPT=0))+A_LOSE*((A_FINF*A_FINN+(1-A_FINF)*ROUNDUP((A_VERB/(A_LUO+(A_LUO=0)*$B12)+(A_MBLG>A_VERB/(A_LUO+(A_LUO=0)*$B12))*(A_MBLG-A_VERB/(A_LUO+(A_LUO=0)*$B12)))/A_MPG_E,0))>0)*A_LA*(1+(A_IST>0)*((A_FINF*A_FINN+(1-A_FINF)*ROUNDUP((A_VERB/(A_LUO+(A_LUO=0)*$B12)+(A_MBLG>A_VERB/(A_LUO+(A_LUO=0)*$B12))*(A_MBLG-A_VERB/(A_LUO+(A_LUO=0)*$B12)))/A_MPG_E,0))>A_IST)*((A_FINF*A_FINN+(1-A_FINF)*ROUNDUP((A_VERB/(A_LUO+(A_LUO=0)*$B12)+(A_MBLG>A_VERB/(A_LUO+(A_LUO=0)*$B12))*(A_MBLG-A_VERB/(A_LUO+(A_LUO=0)*$B12)))/A_MPG_E,0))/(A_IST+(A_IST=0))-1)))/MAX(0.1,N(Parameter!$M$21)))) -> 0
A13: B – Ziel-LU | B13: =Parameter!$A$30 -> 6 | C13: =M13/Parameter!$E$5 -> 1.2219478 | D13: =N13/Parameter!$E$6 -> 1.4901515 | E13: =O13/Parameter!$E$7 -> 0.67206361 | F13: =(N13+O13)/(Parameter!$E$6+Parameter!$E$7) -> 1.0811076 | G13: =(M13+N13+O13)/Parameter!$E$8 -> 1.1280543 | H13: =IF(AND(M13<=Parameter!$E$5,N13+O13<=Parameter!$E$6+Parameter!$E$7),"JA","NEIN") -> NEIN | I13: =MAX(0,M13-Parameter!$E$5)+MAX(0,N13+O13-Parameter!$E$6-Parameter!$E$7)+P13 -> 19.208145 | J13: =SUMPRODUCT((A_FINF*A_FINV+(1-A_FINF)*ROUNDUP((A_VERB/(A_LUO+(A_LUO=0)*$B13)+(A_MBLG>A_VERB/(A_LUO+(A_LUO=0)*$B13))*(A_MBLG-A_VERB/(A_LUO+(A_LUO=0)*$B13)))/A_MPG_E,0)*A_MPG_E)*A_PREIS) -> 5886962.4 | K13: =J13-$J$5 -> 2435916.2 | L13: =(M13+N13+O13+P13)-($M$5+$N$5+$O$5+$P$5) -> 18.293556 | M13: =SUMPRODUCT((A_LIFT=1)*((A_FACH>0)*A_FACH*(1+(A_KAPR>0)*((A_FINF*A_FINV+(1-A_FINF)*ROUNDUP((A_VERB/(A_LUO+(A_LUO=0)*$B13)+(A_MBLG>A_VERB/(A_LUO+(A_LUO=0)*$B13))*(A_MBLG-A_VERB/(A_LUO+(A_LUO=0)*$B13)))/A_MPG_E,0)*A_MPG_E)>A_KAPR)*((A_FINF*A_FINV+(1-A_FINF)*ROUNDUP((A_VERB/(A_LUO+(A_LUO=0)*$B13)+(A_MBLG>A_VERB/(A_LUO+(A_LUO=0)*$B13))*(A_MBLG-A_VERB/(A_LUO+(A_LUO=0)*$B13)))/A_MPG_E,0)*A_MPG_E)/(A_KAPR+(A_KAPR=0))-1))+(A_FACH=0)*((1-A_LOSE)*(A_GPT>0)*(A_FINF*A_FINN+(1-A_FINF)*ROUNDUP((A_VERB/(A_LUO+(A_LUO=0)*$B13)+(A_MBLG>A_VERB/(A_LUO+(A_LUO=0)*$B13))*(A_MBLG-A_VERB/(A_LUO+(A_LUO=0)*$B13)))/A_MPG_E,0))/(A_GPT+(A_GPT=0))+A_LOSE*((A_FINF*A_FINN+(1-A_FINF)*ROUNDUP((A_VERB/(A_LUO+(A_LUO=0)*$B13)+(A_MBLG>A_VERB/(A_LUO+(A_LUO=0)*$B13))*(A_MBLG-A_VERB/(A_LUO+(A_LUO=0)*$B13)))/A_MPG_E,0))>0)*A_LA*(1+(A_IST>0)*((A_FINF*A_FINN+(1-A_FINF)*ROUNDUP((A_VERB/(A_LUO+(A_LUO=0)*$B13)+(A_MBLG>A_VERB/(A_LUO+(A_LUO=0)*$B13))*(A_MBLG-A_VERB/(A_LUO+(A_LUO=0)*$B13)))/A_MPG_E,0))>A_IST)*((A_FINF*A_FINN+(1-A_FINF)*ROUNDUP((A_VERB/(A_LUO+(A_LUO=0)*$B13)+(A_MBLG>A_VERB/(A_LUO+(A_LUO=0)*$B13))*(A_MBLG-A_VERB/(A_LUO+(A_LUO=0)*$B13)))/A_MPG_E,0))/(A_IST+(A_IST=0))-1)))/MAX(0.1,N(Parameter!$M$21)))) -> 61.097388 | N13: =SUMPRODUCT((A_LIFT=2)*((A_FACH>0)*A_FACH*(1+(A_KAPR>0)*((A_FINF*A_FINV+(1-A_FINF)*ROUNDUP((A_VERB/(A_LUO+(A_LUO=0)*$B13)+(A_MBLG>A_VERB/(A_LUO+(A_LUO=0)*$B13))*(A_MBLG-A_VERB/(A_LUO+(A_LUO=0)*$B13)))/A_MPG_E,0)*A_MPG_E)>A_KAPR)*((A_FINF*A_FINV+(1-A_FINF)*ROUNDUP((A_VERB/(A_LUO+(A_LUO=0)*$B13)+(A_MBLG>A_VERB/(A_LUO+(A_LUO=0)*$B13))*(A_MBLG-A_VERB/(A_LUO+(A_LUO=0)*$B13)))/A_MPG_E,0)*A_MPG_E)/(A_KAPR+(A_KAPR=0))-1))+(A_FACH=0)*((1-A_LOSE)*(A_GPT>0)*(A_FINF*A_FINN+(1-A_FINF)*ROUNDUP((A_VERB/(A_LUO+(A_LUO=0)*$B13)+(A_MBLG>A_VERB/(A_LUO+(A_LUO=0)*$B13))*(A_MBLG-A_VERB/(A_LUO+(A_LUO=0)*$B13)))/A_MPG_E,0))/(A_GPT+(A_GPT=0))+A_LOSE*((A_FINF*A_FINN+(1-A_FINF)*ROUNDUP((A_VERB/(A_LUO+(A_LUO=0)*$B13)+(A_MBLG>A_VERB/(A_LUO+(A_LUO=0)*$B13))*(A_MBLG-A_VERB/(A_LUO+(A_LUO=0)*$B13)))/A_MPG_E,0))>0)*A_LA*(1+(A_IST>0)*((A_FINF*A_FINN+(1-A_FINF)*ROUNDUP((A_VERB/(A_LUO+(A_LUO=0)*$B13)+(A_MBLG>A_VERB/(A_LUO+(A_LUO=0)*$B13))*(A_MBLG-A_VERB/(A_LUO+(A_LUO=0)*$B13)))/A_MPG_E,0))>A_IST)*((A_FINF*A_FINN+(1-A_FINF)*ROUNDUP((A_VERB/(A_LUO+(A_LUO=0)*$B13)+(A_MBLG>A_VERB/(A_LUO+(A_LUO=0)*$B13))*(A_MBLG-A_VERB/(A_LUO+(A_LUO=0)*$B13)))/A_MPG_E,0))/(A_IST+(A_IST=0))-1)))/MAX(0.1,N(Parameter!$M$21)))) -> 74.507576 | O13: =SUMPRODUCT((A_LIFT=3)*((A_FACH>0)*A_FACH*(1+(A_KAPR>0)*((A_FINF*A_FINV+(1-A_FINF)*ROUNDUP((A_VERB/(A_LUO+(A_LUO=0)*$B13)+(A_MBLG>A_VERB/(A_LUO+(A_LUO=0)*$B13))*(A_MBLG-A_VERB/(A_LUO+(A_LUO=0)*$B13)))/A_MPG_E,0)*A_MPG_E)>A_KAPR)*((A_FINF*A_FINV+(1-A_FINF)*ROUNDUP((A_VERB/(A_LUO+(A_LUO=0)*$B13)+(A_MBLG>A_VERB/(A_LUO+(A_LUO=0)*$B13))*(A_MBLG-A_VERB/(A_LUO+(A_LUO=0)*$B13)))/A_MPG_E,0)*A_MPG_E)/(A_KAPR+(A_KAPR=0))-1))+(A_FACH=0)*((1-A_LOSE)*(A_GPT>0)*(A_FINF*A_FINN+(1-A_FINF)*ROUNDUP((A_VERB/(A_LUO+(A_LUO=0)*$B13)+(A_MBLG>A_VERB/(A_LUO+(A_LUO=0)*$B13))*(A_MBLG-A_VERB/(A_LUO+(A_LUO=0)*$B13)))/A_MPG_E,0))/(A_GPT+(A_GPT=0))+A_LOSE*((A_FINF*A_FINN+(1-A_FINF)*ROUNDUP((A_VERB/(A_LUO+(A_LUO=0)*$B13)+(A_MBLG>A_VERB/(A_LUO+(A_LUO=0)*$B13))*(A_MBLG-A_VERB/(A_LUO+(A_LUO=0)*$B13)))/A_MPG_E,0))>0)*A_LA*(1+(A_IST>0)*((A_FINF*A_FINN+(1-A_FINF)*ROUNDUP((A_VERB/(A_LUO+(A_LUO=0)*$B13)+(A_MBLG>A_VERB/(A_LUO+(A_LUO=0)*$B13))*(A_MBLG-A_VERB/(A_LUO+(A_LUO=0)*$B13)))/A_MPG_E,0))>A_IST)*((A_FINF*A_FINN+(1-A_FINF)*ROUNDUP((A_VERB/(A_LUO+(A_LUO=0)*$B13)+(A_MBLG>A_VERB/(A_LUO+(A_LUO=0)*$B13))*(A_MBLG-A_VERB/(A_LUO+(A_LUO=0)*$B13)))/A_MPG_E,0))/(A_IST+(A_IST=0))-1)))/MAX(0.1,N(Parameter!$M$21)))) -> 33.603181 | P13: =SUMPRODUCT((A_LIFT="Aussen")*((A_FACH>0)*A_FACH*(1+(A_KAPR>0)*((A_FINF*A_FINV+(1-A_FINF)*ROUNDUP((A_VERB/(A_LUO+(A_LUO=0)*$B13)+(A_MBLG>A_VERB/(A_LUO+(A_LUO=0)*$B13))*(A_MBLG-A_VERB/(A_LUO+(A_LUO=0)*$B13)))/A_MPG_E,0)*A_MPG_E)>A_KAPR)*((A_FINF*A_FINV+(1-A_FINF)*ROUNDUP((A_VERB/(A_LUO+(A_LUO=0)*$B13)+(A_MBLG>A_VERB/(A_LUO+(A_LUO=0)*$B13))*(A_MBLG-A_VERB/(A_LUO+(A_LUO=0)*$B13)))/A_MPG_E,0)*A_MPG_E)/(A_KAPR+(A_KAPR=0))-1))+(A_FACH=0)*((1-A_LOSE)*(A_GPT>0)*(A_FINF*A_FINN+(1-A_FINF)*ROUNDUP((A_VERB/(A_LUO+(A_LUO=0)*$B13)+(A_MBLG>A_VERB/(A_LUO+(A_LUO=0)*$B13))*(A_MBLG-A_VERB/(A_LUO+(A_LUO=0)*$B13)))/A_MPG_E,0))/(A_GPT+(A_GPT=0))+A_LOSE*((A_FINF*A_FINN+(1-A_FINF)*ROUNDUP((A_VERB/(A_LUO+(A_LUO=0)*$B13)+(A_MBLG>A_VERB/(A_LUO+(A_LUO=0)*$B13))*(A_MBLG-A_VERB/(A_LUO+(A_LUO=0)*$B13)))/A_MPG_E,0))>0)*A_LA*(1+(A_IST>0)*((A_FINF*A_FINN+(1-A_FINF)*ROUNDUP((A_VERB/(A_LUO+(A_LUO=0)*$B13)+(A_MBLG>A_VERB/(A_LUO+(A_LUO=0)*$B13))*(A_MBLG-A_VERB/(A_LUO+(A_LUO=0)*$B13)))/A_MPG_E,0))>A_IST)*((A_FINF*A_FINN+(1-A_FINF)*ROUNDUP((A_VERB/(A_LUO+(A_LUO=0)*$B13)+(A_MBLG>A_VERB/(A_LUO+(A_LUO=0)*$B13))*(A_MBLG-A_VERB/(A_LUO+(A_LUO=0)*$B13)))/A_MPG_E,0))/(A_IST+(A_IST=0))-1)))/MAX(0.1,N(Parameter!$M$21)))) -> 0
A14: C – Ziel-LU oder Ist | B14: =Parameter!$A$23 -> 1 | C14: =M14/Parameter!$E$5 -> 2.0707121 | D14: =N14/Parameter!$E$6 -> 2.7051515 | E14: =O14/Parameter!$E$7 -> 0.87805091 | F14: =(N14+O14)/(Parameter!$E$6+Parameter!$E$7) -> 1.7916012 | G14: =(M14+N14+O14)/Parameter!$E$8 -> 1.8846382 | H14: =IF(AND(M14<=Parameter!$E$5,N14+O14<=Parameter!$E$6+Parameter!$E$7),"JA","NEIN") -> NEIN | I14: =MAX(0,M14-Parameter!$E$5)+MAX(0,N14+O14-Parameter!$E$6-Parameter!$E$7)+P14 -> 132.69572 | J14: =SUMPRODUCT((A_FINF*A_FINV+(1-A_FINF)*(ROUNDUP((A_VERB/(A_LUO+(A_LUO=0)*$B14)+(A_MBLG>A_VERB/(A_LUO+(A_LUO=0)*$B14))*(A_MBLG-A_VERB/(A_LUO+(A_LUO=0)*$B14)))/A_MPG_E,0)*A_MPG_E+(A_IST>ROUNDUP((A_VERB/(A_LUO+(A_LUO=0)*$B14)+(A_MBLG>A_VERB/(A_LUO+(A_LUO=0)*$B14))*(A_MBLG-A_VERB/(A_LUO+(A_LUO=0)*$B14)))/A_MPG_E,0)*A_MPG_E)*(A_IST-ROUNDUP((A_VERB/(A_LUO+(A_LUO=0)*$B14)+(A_MBLG>A_VERB/(A_LUO+(A_LUO=0)*$B14))*(A_MBLG-A_VERB/(A_LUO+(A_LUO=0)*$B14)))/A_MPG_E,0)*A_MPG_E)))*A_PREIS) -> 11524541 | K14: =J14-$J$5 -> 8073495.1 | L14: =(M14+N14+O14+P14)-($M$5+$N$5+$O$5+$P$5) -> 131.78114 | M14: =SUMPRODUCT((A_LIFT=1)*((A_FACH>0)*A_FACH*(1+(A_KAPR>0)*((A_FINF*A_FINV+(1-A_FINF)*(ROUNDUP((A_VERB/(A_LUO+(A_LUO=0)*$B14)+(A_MBLG>A_VERB/(A_LUO+(A_LUO=0)*$B14))*(A_MBLG-A_VERB/(A_LUO+(A_LUO=0)*$B14)))/A_MPG_E,0)*A_MPG_E+(A_IST>ROUNDUP((A_VERB/(A_LUO+(A_LUO=0)*$B14)+(A_MBLG>A_VERB/(A_LUO+(A_LUO=0)*$B14))*(A_MBLG-A_VERB/(A_LUO+(A_LUO=0)*$B14)))/A_MPG_E,0)*A_MPG_E)*(A_IST-ROUNDUP((A_VERB/(A_LUO+(A_LUO=0)*$B14)+(A_MBLG>A_VERB/(A_LUO+(A_LUO=0)*$B14))*(A_MBLG-A_VERB/(A_LUO+(A_LUO=0)*$B14)))/A_MPG_E,0)*A_MPG_E)))>A_KAPR)*((A_FINF*A_FINV+(1-A_FINF)*(ROUNDUP((A_VERB/(A_LUO+(A_LUO=0)*$B14)+(A_MBLG>A_VERB/(A_LUO+(A_LUO=0)*$B14))*(A_MBLG-A_VERB/(A_LUO+(A_LUO=0)*$B14)))/A_MPG_E,0)*A_MPG_E+(A_IST>ROUNDUP((A_VERB/(A_LUO+(A_LUO=0)*$B14)+(A_MBLG>A_VERB/(A_LUO+(A_LUO=0)*$B14))*(A_MBLG-A_VERB/(A_LUO+(A_LUO=0)*$B14)))/A_MPG_E,0)*A_MPG_E)*(A_IST-ROUNDUP((A_VERB/(A_LUO+(A_LUO=0)*$B14)+(A_MBLG>A_VERB/(A_LUO+(A_LUO=0)*$B14))*(A_MBLG-A_VERB/(A_LUO+(A_LUO=0)*$B14)))/A_MPG_E,0)*A_MPG_E)))/(A_KAPR+(A_KAPR=0))-1))+(A_FACH=0)*((1-A_LOSE)*(A_GPT>0)*(A_FINF*A_FINN+(1-A_FINF)*(ROUNDUP((A_VERB/(A_LUO+(A_LUO=0)*$B14)+(A_MBLG>A_VERB/(A_LUO+(A_LUO=0)*$B14))*(A_MBLG-A_VERB/(A_LUO+(A_LUO=0)*$B14)))/A_MPG_E,0)+(A_ISTN>ROUNDUP((A_VERB/(A_LUO+(A_LUO=0)*$B14)+(A_MBLG>A_VERB/(A_LUO+(A_LUO=0)*$B14))*(A_MBLG-A_VERB/(A_LUO+(A_LUO=0)*$B14)))/A_MPG_E,0))*(A_ISTN-ROUNDUP((A_VERB/(A_LUO+(A_LUO=0)*$B14)+(A_MBLG>A_VERB/(A_LUO+(A_LUO=0)*$B14))*(A_MBLG-A_VERB/(A_LUO+(A_LUO=0)*$B14)))/A_MPG_E,0))))/(A_GPT+(A_GPT=0))+A_LOSE*((A_FINF*A_FINN+(1-A_FINF)*(ROUNDUP((A_VERB/(A_LUO+(A_LUO=0)*$B14)+(A_MBLG>A_VERB/(A_LUO+(A_LUO=0)*$B14))*(A_MBLG-A_VERB/(A_LUO+(A_LUO=0)*$B14)))/A_MPG_E,0)+(A_ISTN>ROUNDUP((A_VERB/(A_LUO+(A_LUO=0)*$B14)+(A_MBLG>A_VERB/(A_LUO+(A_LUO=0)*$B14))*(A_MBLG-A_VERB/(A_LUO+(A_LUO=0)*$B14)))/A_MPG_E,0))*(A_ISTN-ROUNDUP((A_VERB/(A_LUO+(A_LUO=0)*$B14)+(A_MBLG>A_VERB/(A_LUO+(A_LUO=0)*$B14))*(A_MBLG-A_VERB/(A_LUO+(A_LUO=0)*$B14)))/A_MPG_E,0))))>0)*A_LA*(1+(A_IST>0)*((A_FINF*A_FINN+(1-A_FINF)*(ROUNDUP((A_VERB/(A_LUO+(A_LUO=0)*$B14)+(A_MBLG>A_VERB/(A_LUO+(A_LUO=0)*$B14))*(A_MBLG-A_VERB/(A_LUO+(A_LUO=0)*$B14)))/A_MPG_E,0)+(A_ISTN>ROUNDUP((A_VERB/(A_LUO+(A_LUO=0)*$B14)+(A_MBLG>A_VERB/(A_LUO+(A_LUO=0)*$B14))*(A_MBLG-A_VERB/(A_LUO+(A_LUO=0)*$B14)))/A_MPG_E,0))*(A_ISTN-ROUNDUP((A_VERB/(A_LUO+(A_LUO=0)*$B14)+(A_MBLG>A_VERB/(A_LUO+(A_LUO=0)*$B14))*(A_MBLG-A_VERB/(A_LUO+(A_LUO=0)*$B14)))/A_MPG_E,0))))>A_IST)*((A_FINF*A_FINN+(1-A_FINF)*(ROUNDUP((A_VERB/(A_LUO+(A_LUO=0)*$B14)+(A_MBLG>A_VERB/(A_LUO+(A_LUO=0)*$B14))*(A_MBLG-A_VERB/(A_LUO+(A_LUO=0)*$B14)))/A_MPG_E,0)+(A_ISTN>ROUNDUP((A_VERB/(A_LUO+(A_LUO=0)*$B14)+(A_MBLG>A_VERB/(A_LUO+(A_LUO=0)*$B14))*(A_MBLG-A_VERB/(A_LUO+(A_LUO=0)*$B14)))/A_MPG_E,0))*(A_ISTN-ROUNDUP((A_VERB/(A_LUO+(A_LUO=0)*$B14)+(A_MBLG>A_VERB/(A_LUO+(A_LUO=0)*$B14))*(A_MBLG-A_VERB/(A_LUO+(A_LUO=0)*$B14)))/A_MPG_E,0))))/(A_IST+(A_IST=0))-1)))/MAX(0.1,N(Parameter!$M$21)))) -> 103.5356 | N14: =SUMPRODUCT((A_LIFT=2)*((A_FACH>0)*A_FACH*(1+(A_KAPR>0)*((A_FINF*A_FINV+(1-A_FINF)*(ROUNDUP((A_VERB/(A_LUO+(A_LUO=0)*$B14)+(A_MBLG>A_VERB/(A_LUO+(A_LUO=0)*$B14))*(A_MBLG-A_VERB/(A_LUO+(A_LUO=0)*$B14)))/A_MPG_E,0)*A_MPG_E+(A_IST>ROUNDUP((A_VERB/(A_LUO+(A_LUO=0)*$B14)+(A_MBLG>A_VERB/(A_LUO+(A_LUO=0)*$B14))*(A_MBLG-A_VERB/(A_LUO+(A_LUO=0)*$B14)))/A_MPG_E,0)*A_MPG_E)*(A_IST-ROUNDUP((A_VERB/(A_LUO+(A_LUO=0)*$B14)+(A_MBLG>A_VERB/(A_LUO+(A_LUO=0)*$B14))*(A_MBLG-A_VERB/(A_LUO+(A_LUO=0)*$B14)))/A_MPG_E,0)*A_MPG_E)))>A_KAPR)*((A_FINF*A_FINV+(1-A_FINF)*(ROUNDUP((A_VERB/(A_LUO+(A_LUO=0)*$B14)+(A_MBLG>A_VERB/(A_LUO+(A_LUO=0)*$B14))*(A_MBLG-A_VERB/(A_LUO+(A_LUO=0)*$B14)))/A_MPG_E,0)*A_MPG_E+(A_IST>ROUNDUP((A_VERB/(A_LUO+(A_LUO=0)*$B14)+(A_MBLG>A_VERB/(A_LUO+(A_LUO=0)*$B14))*(A_MBLG-A_VERB/(A_LUO+(A_LUO=0)*$B14)))/A_MPG_E,0)*A_MPG_E)*(A_IST-ROUNDUP((A_VERB/(A_LUO+(A_LUO=0)*$B14)+(A_MBLG>A_VERB/(A_LUO+(A_LUO=0)*$B14))*(A_MBLG-A_VERB/(A_LUO+(A_LUO=0)*$B14)))/A_MPG_E,0)*A_MPG_E)))/(A_KAPR+(A_KAPR=0))-1))+(A_FACH=0)*((1-A_LOSE)*(A_GPT>0)*(A_FINF*A_FINN+(1-A_FINF)*(ROUNDUP((A_VERB/(A_LUO+(A_LUO=0)*$B14)+(A_MBLG>A_VERB/(A_LUO+(A_LUO=0)*$B14))*(A_MBLG-A_VERB/(A_LUO+(A_LUO=0)*$B14)))/A_MPG_E,0)+(A_ISTN>ROUNDUP((A_VERB/(A_LUO+(A_LUO=0)*$B14)+(A_MBLG>A_VERB/(A_LUO+(A_LUO=0)*$B14))*(A_MBLG-A_VERB/(A_LUO+(A_LUO=0)*$B14)))/A_MPG_E,0))*(A_ISTN-ROUNDUP((A_VERB/(A_LUO+(A_LUO=0)*$B14)+(A_MBLG>A_VERB/(A_LUO+(A_LUO=0)*$B14))*(A_MBLG-A_VERB/(A_LUO+(A_LUO=0)*$B14)))/A_MPG_E,0))))/(A_GPT+(A_GPT=0))+A_LOSE*((A_FINF*A_FINN+(1-A_FINF)*(ROUNDUP((A_VERB/(A_LUO+(A_LUO=0)*$B14)+(A_MBLG>A_VERB/(A_LUO+(A_LUO=0)*$B14))*(A_MBLG-A_VERB/(A_LUO+(A_LUO=0)*$B14)))/A_MPG_E,0)+(A_ISTN>ROUNDUP((A_VERB/(A_LUO+(A_LUO=0)*$B14)+(A_MBLG>A_VERB/(A_LUO+(A_LUO=0)*$B14))*(A_MBLG-A_VERB/(A_LUO+(A_LUO=0)*$B14)))/A_MPG_E,0))*(A_ISTN-ROUNDUP((A_VERB/(A_LUO+(A_LUO=0)*$B14)+(A_MBLG>A_VERB/(A_LUO+(A_LUO=0)*$B14))*(A_MBLG-A_VERB/(A_LUO+(A_LUO=0)*$B14)))/A_MPG_E,0))))>0)*A_LA*(1+(A_IST>0)*((A_FINF*A_FINN+(1-A_FINF)*(ROUNDUP((A_VERB/(A_LUO+(A_LUO=0)*$B14)+(A_MBLG>A_VERB/(A_LUO+(A_LUO=0)*$B14))*(A_MBLG-A_VERB/(A_LUO+(A_LUO=0)*$B14)))/A_MPG_E,0)+(A_ISTN>ROUNDUP((A_VERB/(A_LUO+(A_LUO=0)*$B14)+(A_MBLG>A_VERB/(A_LUO+(A_LUO=0)*$B14))*(A_MBLG-A_VERB/(A_LUO+(A_LUO=0)*$B14)))/A_MPG_E,0))*(A_ISTN-ROUNDUP((A_VERB/(A_LUO+(A_LUO=0)*$B14)+(A_MBLG>A_VERB/(A_LUO+(A_LUO=0)*$B14))*(A_MBLG-A_VERB/(A_LUO+(A_LUO=0)*$B14)))/A_MPG_E,0))))>A_IST)*((A_FINF*A_FINN+(1-A_FINF)*(ROUNDUP((A_VERB/(A_LUO+(A_LUO=0)*$B14)+(A_MBLG>A_VERB/(A_LUO+(A_LUO=0)*$B14))*(A_MBLG-A_VERB/(A_LUO+(A_LUO=0)*$B14)))/A_MPG_E,0)+(A_ISTN>ROUNDUP((A_VERB/(A_LUO+(A_LUO=0)*$B14)+(A_MBLG>A_VERB/(A_LUO+(A_LUO=0)*$B14))*(A_MBLG-A_VERB/(A_LUO+(A_LUO=0)*$B14)))/A_MPG_E,0))*(A_ISTN-ROUNDUP((A_VERB/(A_LUO+(A_LUO=0)*$B14)+(A_MBLG>A_VERB/(A_LUO+(A_LUO=0)*$B14))*(A_MBLG-A_VERB/(A_LUO+(A_LUO=0)*$B14)))/A_MPG_E,0))))/(A_IST+(A_IST=0))-1)))/MAX(0.1,N(Parameter!$M$21)))) -> 135.25758 | O14: =SUMPRODUCT((A_LIFT=3)*((A_FACH>0)*A_FACH*(1+(A_KAPR>0)*((A_FINF*A_FINV+(1-A_FINF)*(ROUNDUP((A_VERB/(A_LUO+(A_LUO=0)*$B14)+(A_MBLG>A_VERB/(A_LUO+(A_LUO=0)*$B14))*(A_MBLG-A_VERB/(A_LUO+(A_LUO=0)*$B14)))/A_MPG_E,0)*A_MPG_E+(A_IST>ROUNDUP((A_VERB/(A_LUO+(A_LUO=0)*$B14)+(A_MBLG>A_VERB/(A_LUO+(A_LUO=0)*$B14))*(A_MBLG-A_VERB/(A_LUO+(A_LUO=0)*$B14)))/A_MPG_E,0)*A_MPG_E)*(A_IST-ROUNDUP((A_VERB/(A_LUO+(A_LUO=0)*$B14)+(A_MBLG>A_VERB/(A_LUO+(A_LUO=0)*$B14))*(A_MBLG-A_VERB/(A_LUO+(A_LUO=0)*$B14)))/A_MPG_E,0)*A_MPG_E)))>A_KAPR)*((A_FINF*A_FINV+(1-A_FINF)*(ROUNDUP((A_VERB/(A_LUO+(A_LUO=0)*$B14)+(A_MBLG>A_VERB/(A_LUO+(A_LUO=0)*$B14))*(A_MBLG-A_VERB/(A_LUO+(A_LUO=0)*$B14)))/A_MPG_E,0)*A_MPG_E+(A_IST>ROUNDUP((A_VERB/(A_LUO+(A_LUO=0)*$B14)+(A_MBLG>A_VERB/(A_LUO+(A_LUO=0)*$B14))*(A_MBLG-A_VERB/(A_LUO+(A_LUO=0)*$B14)))/A_MPG_E,0)*A_MPG_E)*(A_IST-ROUNDUP((A_VERB/(A_LUO+(A_LUO=0)*$B14)+(A_MBLG>A_VERB/(A_LUO+(A_LUO=0)*$B14))*(A_MBLG-A_VERB/(A_LUO+(A_LUO=0)*$B14)))/A_MPG_E,0)*A_MPG_E)))/(A_KAPR+(A_KAPR=0))-1))+(A_FACH=0)*((1-A_LOSE)*(A_GPT>0)*(A_FINF*A_FINN+(1-A_FINF)*(ROUNDUP((A_VERB/(A_LUO+(A_LUO=0)*$B14)+(A_MBLG>A_VERB/(A_LUO+(A_LUO=0)*$B14))*(A_MBLG-A_VERB/(A_LUO+(A_LUO=0)*$B14)))/A_MPG_E,0)+(A_ISTN>ROUNDUP((A_VERB/(A_LUO+(A_LUO=0)*$B14)+(A_MBLG>A_VERB/(A_LUO+(A_LUO=0)*$B14))*(A_MBLG-A_VERB/(A_LUO+(A_LUO=0)*$B14)))/A_MPG_E,0))*(A_ISTN-ROUNDUP((A_VERB/(A_LUO+(A_LUO=0)*$B14)+(A_MBLG>A_VERB/(A_LUO+(A_LUO=0)*$B14))*(A_MBLG-A_VERB/(A_LUO+(A_LUO=0)*$B14)))/A_MPG_E,0))))/(A_GPT+(A_GPT=0))+A_LOSE*((A_FINF*A_FINN+(1-A_FINF)*(ROUNDUP((A_VERB/(A_LUO+(A_LUO=0)*$B14)+(A_MBLG>A_VERB/(A_LUO+(A_LUO=0)*$B14))*(A_MBLG-A_VERB/(A_LUO+(A_LUO=0)*$B14)))/A_MPG_E,0)+(A_ISTN>ROUNDUP((A_VERB/(A_LUO+(A_LUO=0)*$B14)+(A_MBLG>A_VERB/(A_LUO+(A_LUO=0)*$B14))*(A_MBLG-A_VERB/(A_LUO+(A_LUO=0)*$B14)))/A_MPG_E,0))*(A_ISTN-ROUNDUP((A_VERB/(A_LUO+(A_LUO=0)*$B14)+(A_MBLG>A_VERB/(A_LUO+(A_LUO=0)*$B14))*(A_MBLG-A_VERB/(A_LUO+(A_LUO=0)*$B14)))/A_MPG_E,0))))>0)*A_LA*(1+(A_IST>0)*((A_FINF*A_FINN+(1-A_FINF)*(ROUNDUP((A_VERB/(A_LUO+(A_LUO=0)*$B14)+(A_MBLG>A_VERB/(A_LUO+(A_LUO=0)*$B14))*(A_MBLG-A_VERB/(A_LUO+(A_LUO=0)*$B14)))/A_MPG_E,0)+(A_ISTN>ROUNDUP((A_VERB/(A_LUO+(A_LUO=0)*$B14)+(A_MBLG>A_VERB/(A_LUO+(A_LUO=0)*$B14))*(A_MBLG-A_VERB/(A_LUO+(A_LUO=0)*$B14)))/A_MPG_E,0))*(A_ISTN-ROUNDUP((A_VERB/(A_LUO+(A_LUO=0)*$B14)+(A_MBLG>A_VERB/(A_LUO+(A_LUO=0)*$B14))*(A_MBLG-A_VERB/(A_LUO+(A_LUO=0)*$B14)))/A_MPG_E,0))))>A_IST)*((A_FINF*A_FINN+(1-A_FINF)*(ROUNDUP((A_VERB/(A_LUO+(A_LUO=0)*$B14)+(A_MBLG>A_VERB/(A_LUO+(A_LUO=0)*$B14))*(A_MBLG-A_VERB/(A_LUO+(A_LUO=0)*$B14)))/A_MPG_E,0)+(A_ISTN>ROUNDUP((A_VERB/(A_LUO+(A_LUO=0)*$B14)+(A_MBLG>A_VERB/(A_LUO+(A_LUO=0)*$B14))*(A_MBLG-A_VERB/(A_LUO+(A_LUO=0)*$B14)))/A_MPG_E,0))*(A_ISTN-ROUNDUP((A_VERB/(A_LUO+(A_LUO=0)*$B14)+(A_MBLG>A_VERB/(A_LUO+(A_LUO=0)*$B14))*(A_MBLG-A_VERB/(A_LUO+(A_LUO=0)*$B14)))/A_MPG_E,0))))/(A_IST+(A_IST=0))-1)))/MAX(0.1,N(Parameter!$M$21)))) -> 43.902546 | P14: =SUMPRODUCT((A_LIFT="Aussen")*((A_FACH>0)*A_FACH*(1+(A_KAPR>0)*((A_FINF*A_FINV+(1-A_FINF)*(ROUNDUP((A_VERB/(A_LUO+(A_LUO=0)*$B14)+(A_MBLG>A_VERB/(A_LUO+(A_LUO=0)*$B14))*(A_MBLG-A_VERB/(A_LUO+(A_LUO=0)*$B14)))/A_MPG_E,0)*A_MPG_E+(A_IST>ROUNDUP((A_VERB/(A_LUO+(A_LUO=0)*$B14)+(A_MBLG>A_VERB/(A_LUO+(A_LUO=0)*$B14))*(A_MBLG-A_VERB/(A_LUO+(A_LUO=0)*$B14)))/A_MPG_E,0)*A_MPG_E)*(A_IST-ROUNDUP((A_VERB/(A_LUO+(A_LUO=0)*$B14)+(A_MBLG>A_VERB/(A_LUO+(A_LUO=0)*$B14))*(A_MBLG-A_VERB/(A_LUO+(A_LUO=0)*$B14)))/A_MPG_E,0)*A_MPG_E)))>A_KAPR)*((A_FINF*A_FINV+(1-A_FINF)*(ROUNDUP((A_VERB/(A_LUO+(A_LUO=0)*$B14)+(A_MBLG>A_VERB/(A_LUO+(A_LUO=0)*$B14))*(A_MBLG-A_VERB/(A_LUO+(A_LUO=0)*$B14)))/A_MPG_E,0)*A_MPG_E+(A_IST>ROUNDUP((A_VERB/(A_LUO+(A_LUO=0)*$B14)+(A_MBLG>A_VERB/(A_LUO+(A_LUO=0)*$B14))*(A_MBLG-A_VERB/(A_LUO+(A_LUO=0)*$B14)))/A_MPG_E,0)*A_MPG_E)*(A_IST-ROUNDUP((A_VERB/(A_LUO+(A_LUO=0)*$B14)+(A_MBLG>A_VERB/(A_LUO+(A_LUO=0)*$B14))*(A_MBLG-A_VERB/(A_LUO+(A_LUO=0)*$B14)))/A_MPG_E,0)*A_MPG_E)))/(A_KAPR+(A_KAPR=0))-1))+(A_FACH=0)*((1-A_LOSE)*(A_GPT>0)*(A_FINF*A_FINN+(1-A_FINF)*(ROUNDUP((A_VERB/(A_LUO+(A_LUO=0)*$B14)+(A_MBLG>A_VERB/(A_LUO+(A_LUO=0)*$B14))*(A_MBLG-A_VERB/(A_LUO+(A_LUO=0)*$B14)))/A_MPG_E,0)+(A_ISTN>ROUNDUP((A_VERB/(A_LUO+(A_LUO=0)*$B14)+(A_MBLG>A_VERB/(A_LUO+(A_LUO=0)*$B14))*(A_MBLG-A_VERB/(A_LUO+(A_LUO=0)*$B14)))/A_MPG_E,0))*(A_ISTN-ROUNDUP((A_VERB/(A_LUO+(A_LUO=0)*$B14)+(A_MBLG>A_VERB/(A_LUO+(A_LUO=0)*$B14))*(A_MBLG-A_VERB/(A_LUO+(A_LUO=0)*$B14)))/A_MPG_E,0))))/(A_GPT+(A_GPT=0))+A_LOSE*((A_FINF*A_FINN+(1-A_FINF)*(ROUNDUP((A_VERB/(A_LUO+(A_LUO=0)*$B14)+(A_MBLG>A_VERB/(A_LUO+(A_LUO=0)*$B14))*(A_MBLG-A_VERB/(A_LUO+(A_LUO=0)*$B14)))/A_MPG_E,0)+(A_ISTN>ROUNDUP((A_VERB/(A_LUO+(A_LUO=0)*$B14)+(A_MBLG>A_VERB/(A_LUO+(A_LUO=0)*$B14))*(A_MBLG-A_VERB/(A_LUO+(A_LUO=0)*$B14)))/A_MPG_E,0))*(A_ISTN-ROUNDUP((A_VERB/(A_LUO+(A_LUO=0)*$B14)+(A_MBLG>A_VERB/(A_LUO+(A_LUO=0)*$B14))*(A_MBLG-A_VERB/(A_LUO+(A_LUO=0)*$B14)))/A_MPG_E,0))))>0)*A_LA*(1+(A_IST>0)*((A_FINF*A_FINN+(1-A_FINF)*(ROUNDUP((A_VERB/(A_LUO+(A_LUO=0)*$B14)+(A_MBLG>A_VERB/(A_LUO+(A_LUO=0)*$B14))*(A_MBLG-A_VERB/(A_LUO+(A_LUO=0)*$B14)))/A_MPG_E,0)+(A_ISTN>ROUNDUP((A_VERB/(A_LUO+(A_LUO=0)*$B14)+(A_MBLG>A_VERB/(A_LUO+(A_LUO=0)*$B14))*(A_MBLG-A_VERB/(A_LUO+(A_LUO=0)*$B14)))/A_MPG_E,0))*(A_ISTN-ROUNDUP((A_VERB/(A_LUO+(A_LUO=0)*$B14)+(A_MBLG>A_VERB/(A_LUO+(A_LUO=0)*$B14))*(A_MBLG-A_VERB/(A_LUO+(A_LUO=0)*$B14)))/A_MPG_E,0))))>A_IST)*((A_FINF*A_FINN+(1-A_FINF)*(ROUNDUP((A_VERB/(A_LUO+(A_LUO=0)*$B14)+(A_MBLG>A_VERB/(A_LUO+(A_LUO=0)*$B14))*(A_MBLG-A_VERB/(A_LUO+(A_LUO=0)*$B14)))/A_MPG_E,0)+(A_ISTN>ROUNDUP((A_VERB/(A_LUO+(A_LUO=0)*$B14)+(A_MBLG>A_VERB/(A_LUO+(A_LUO=0)*$B14))*(A_MBLG-A_VERB/(A_LUO+(A_LUO=0)*$B14)))/A_MPG_E,0))*(A_ISTN-ROUNDUP((A_VERB/(A_LUO+(A_LUO=0)*$B14)+(A_MBLG>A_VERB/(A_LUO+(A_LUO=0)*$B14))*(A_MBLG-A_VERB/(A_LUO+(A_LUO=0)*$B14)))/A_MPG_E,0))))/(A_IST+(A_IST=0))-1)))/MAX(0.1,N(Parameter!$M$21)))) -> 0
A15: C – Ziel-LU oder Ist | B15: =Parameter!$A$24 -> 1.5 | C15: =M15/Parameter!$E$5 -> 1.6196133 | D15: =N15/Parameter!$E$6 -> 2.2801515 | E15: =O15/Parameter!$E$7 -> 0.80985744 | F15: =(N15+O15)/(Parameter!$E$6+Parameter!$E$7) -> 1.5450045 | G15: =(M15+N15+O15)/Parameter!$E$8 -> 1.5698741 | H15: =IF(AND(M15<=Parameter!$E$5,N15+O15<=Parameter!$E$6+Parameter!$E$7),"JA","NEIN") -> NEIN | I15: =MAX(0,M15-Parameter!$E$5)+MAX(0,N15+O15-Parameter!$E$6-Parameter!$E$7)+P15 -> 85.481111 | J15: =SUMPRODUCT((A_FINF*A_FINV+(1-A_FINF)*(ROUNDUP((A_VERB/(A_LUO+(A_LUO=0)*$B15)+(A_MBLG>A_VERB/(A_LUO+(A_LUO=0)*$B15))*(A_MBLG-A_VERB/(A_LUO+(A_LUO=0)*$B15)))/A_MPG_E,0)*A_MPG_E+(A_IST>ROUNDUP((A_VERB/(A_LUO+(A_LUO=0)*$B15)+(A_MBLG>A_VERB/(A_LUO+(A_LUO=0)*$B15))*(A_MBLG-A_VERB/(A_LUO+(A_LUO=0)*$B15)))/A_MPG_E,0)*A_MPG_E)*(A_IST-ROUNDUP((A_VERB/(A_LUO+(A_LUO=0)*$B15)+(A_MBLG>A_VERB/(A_LUO+(A_LUO=0)*$B15))*(A_MBLG-A_VERB/(A_LUO+(A_LUO=0)*$B15)))/A_MPG_E,0)*A_MPG_E)))*A_PREIS) -> 9129995.3 | K15: =J15-$J$5 -> 5678949 | L15: =(M15+N15+O15+P15)-($M$5+$N$5+$O$5+$P$5) -> 84.566522 | M15: =SUMPRODUCT((A_LIFT=1)*((A_FACH>0)*A_FACH*(1+(A_KAPR>0)*((A_FINF*A_FINV+(1-A_FINF)*(ROUNDUP((A_VERB/(A_LUO+(A_LUO=0)*$B15)+(A_MBLG>A_VERB/(A_LUO+(A_LUO=0)*$B15))*(A_MBLG-A_VERB/(A_LUO+(A_LUO=0)*$B15)))/A_MPG_E,0)*A_MPG_E+(A_IST>ROUNDUP((A_VERB/(A_LUO+(A_LUO=0)*$B15)+(A_MBLG>A_VERB/(A_LUO+(A_LUO=0)*$B15))*(A_MBLG-A_VERB/(A_LUO+(A_LUO=0)*$B15)))/A_MPG_E,0)*A_MPG_E)*(A_IST-ROUNDUP((A_VERB/(A_LUO+(A_LUO=0)*$B15)+(A_MBLG>A_VERB/(A_LUO+(A_LUO=0)*$B15))*(A_MBLG-A_VERB/(A_LUO+(A_LUO=0)*$B15)))/A_MPG_E,0)*A_MPG_E)))>A_KAPR)*((A_FINF*A_FINV+(1-A_FINF)*(ROUNDUP((A_VERB/(A_LUO+(A_LUO=0)*$B15)+(A_MBLG>A_VERB/(A_LUO+(A_LUO=0)*$B15))*(A_MBLG-A_VERB/(A_LUO+(A_LUO=0)*$B15)))/A_MPG_E,0)*A_MPG_E+(A_IST>ROUNDUP((A_VERB/(A_LUO+(A_LUO=0)*$B15)+(A_MBLG>A_VERB/(A_LUO+(A_LUO=0)*$B15))*(A_MBLG-A_VERB/(A_LUO+(A_LUO=0)*$B15)))/A_MPG_E,0)*A_MPG_E)*(A_IST-ROUNDUP((A_VERB/(A_LUO+(A_LUO=0)*$B15)+(A_MBLG>A_VERB/(A_LUO+(A_LUO=0)*$B15))*(A_MBLG-A_VERB/(A_LUO+(A_LUO=0)*$B15)))/A_MPG_E,0)*A_MPG_E)))/(A_KAPR+(A_KAPR=0))-1))+(A_FACH=0)*((1-A_LOSE)*(A_GPT>0)*(A_FINF*A_FINN+(1-A_FINF)*(ROUNDUP((A_VERB/(A_LUO+(A_LUO=0)*$B15)+(A_MBLG>A_VERB/(A_LUO+(A_LUO=0)*$B15))*(A_MBLG-A_VERB/(A_LUO+(A_LUO=0)*$B15)))/A_MPG_E,0)+(A_ISTN>ROUNDUP((A_VERB/(A_LUO+(A_LUO=0)*$B15)+(A_MBLG>A_VERB/(A_LUO+(A_LUO=0)*$B15))*(A_MBLG-A_VERB/(A_LUO+(A_LUO=0)*$B15)))/A_MPG_E,0))*(A_ISTN-ROUNDUP((A_VERB/(A_LUO+(A_LUO=0)*$B15)+(A_MBLG>A_VERB/(A_LUO+(A_LUO=0)*$B15))*(A_MBLG-A_VERB/(A_LUO+(A_LUO=0)*$B15)))/A_MPG_E,0))))/(A_GPT+(A_GPT=0))+A_LOSE*((A_FINF*A_FINN+(1-A_FINF)*(ROUNDUP((A_VERB/(A_LUO+(A_LUO=0)*$B15)+(A_MBLG>A_VERB/(A_LUO+(A_LUO=0)*$B15))*(A_MBLG-A_VERB/(A_LUO+(A_LUO=0)*$B15)))/A_MPG_E,0)+(A_ISTN>ROUNDUP((A_VERB/(A_LUO+(A_LUO=0)*$B15)+(A_MBLG>A_VERB/(A_LUO+(A_LUO=0)*$B15))*(A_MBLG-A_VERB/(A_LUO+(A_LUO=0)*$B15)))/A_MPG_E,0))*(A_ISTN-ROUNDUP((A_VERB/(A_LUO+(A_LUO=0)*$B15)+(A_MBLG>A_VERB/(A_LUO+(A_LUO=0)*$B15))*(A_MBLG-A_VERB/(A_LUO+(A_LUO=0)*$B15)))/A_MPG_E,0))))>0)*A_LA*(1+(A_IST>0)*((A_FINF*A_FINN+(1-A_FINF)*(ROUNDUP((A_VERB/(A_LUO+(A_LUO=0)*$B15)+(A_MBLG>A_VERB/(A_LUO+(A_LUO=0)*$B15))*(A_MBLG-A_VERB/(A_LUO+(A_LUO=0)*$B15)))/A_MPG_E,0)+(A_ISTN>ROUNDUP((A_VERB/(A_LUO+(A_LUO=0)*$B15)+(A_MBLG>A_VERB/(A_LUO+(A_LUO=0)*$B15))*(A_MBLG-A_VERB/(A_LUO+(A_LUO=0)*$B15)))/A_MPG_E,0))*(A_ISTN-ROUNDUP((A_VERB/(A_LUO+(A_LUO=0)*$B15)+(A_MBLG>A_VERB/(A_LUO+(A_LUO=0)*$B15))*(A_MBLG-A_VERB/(A_LUO+(A_LUO=0)*$B15)))/A_MPG_E,0))))>A_IST)*((A_FINF*A_FINN+(1-A_FINF)*(ROUNDUP((A_VERB/(A_LUO+(A_LUO=0)*$B15)+(A_MBLG>A_VERB/(A_LUO+(A_LUO=0)*$B15))*(A_MBLG-A_VERB/(A_LUO+(A_LUO=0)*$B15)))/A_MPG_E,0)+(A_ISTN>ROUNDUP((A_VERB/(A_LUO+(A_LUO=0)*$B15)+(A_MBLG>A_VERB/(A_LUO+(A_LUO=0)*$B15))*(A_MBLG-A_VERB/(A_LUO+(A_LUO=0)*$B15)))/A_MPG_E,0))*(A_ISTN-ROUNDUP((A_VERB/(A_LUO+(A_LUO=0)*$B15)+(A_MBLG>A_VERB/(A_LUO+(A_LUO=0)*$B15))*(A_MBLG-A_VERB/(A_LUO+(A_LUO=0)*$B15)))/A_MPG_E,0))))/(A_IST+(A_IST=0))-1)))/MAX(0.1,N(Parameter!$M$21)))) -> 80.980664 | N15: =SUMPRODUCT((A_LIFT=2)*((A_FACH>0)*A_FACH*(1+(A_KAPR>0)*((A_FINF*A_FINV+(1-A_FINF)*(ROUNDUP((A_VERB/(A_LUO+(A_LUO=0)*$B15)+(A_MBLG>A_VERB/(A_LUO+(A_LUO=0)*$B15))*(A_MBLG-A_VERB/(A_LUO+(A_LUO=0)*$B15)))/A_MPG_E,0)*A_MPG_E+(A_IST>ROUNDUP((A_VERB/(A_LUO+(A_LUO=0)*$B15)+(A_MBLG>A_VERB/(A_LUO+(A_LUO=0)*$B15))*(A_MBLG-A_VERB/(A_LUO+(A_LUO=0)*$B15)))/A_MPG_E,0)*A_MPG_E)*(A_IST-ROUNDUP((A_VERB/(A_LUO+(A_LUO=0)*$B15)+(A_MBLG>A_VERB/(A_LUO+(A_LUO=0)*$B15))*(A_MBLG-A_VERB/(A_LUO+(A_LUO=0)*$B15)))/A_MPG_E,0)*A_MPG_E)))>A_KAPR)*((A_FINF*A_FINV+(1-A_FINF)*(ROUNDUP((A_VERB/(A_LUO+(A_LUO=0)*$B15)+(A_MBLG>A_VERB/(A_LUO+(A_LUO=0)*$B15))*(A_MBLG-A_VERB/(A_LUO+(A_LUO=0)*$B15)))/A_MPG_E,0)*A_MPG_E+(A_IST>ROUNDUP((A_VERB/(A_LUO+(A_LUO=0)*$B15)+(A_MBLG>A_VERB/(A_LUO+(A_LUO=0)*$B15))*(A_MBLG-A_VERB/(A_LUO+(A_LUO=0)*$B15)))/A_MPG_E,0)*A_MPG_E)*(A_IST-ROUNDUP((A_VERB/(A_LUO+(A_LUO=0)*$B15)+(A_MBLG>A_VERB/(A_LUO+(A_LUO=0)*$B15))*(A_MBLG-A_VERB/(A_LUO+(A_LUO=0)*$B15)))/A_MPG_E,0)*A_MPG_E)))/(A_KAPR+(A_KAPR=0))-1))+(A_FACH=0)*((1-A_LOSE)*(A_GPT>0)*(A_FINF*A_FINN+(1-A_FINF)*(ROUNDUP((A_VERB/(A_LUO+(A_LUO=0)*$B15)+(A_MBLG>A_VERB/(A_LUO+(A_LUO=0)*$B15))*(A_MBLG-A_VERB/(A_LUO+(A_LUO=0)*$B15)))/A_MPG_E,0)+(A_ISTN>ROUNDUP((A_VERB/(A_LUO+(A_LUO=0)*$B15)+(A_MBLG>A_VERB/(A_LUO+(A_LUO=0)*$B15))*(A_MBLG-A_VERB/(A_LUO+(A_LUO=0)*$B15)))/A_MPG_E,0))*(A_ISTN-ROUNDUP((A_VERB/(A_LUO+(A_LUO=0)*$B15)+(A_MBLG>A_VERB/(A_LUO+(A_LUO=0)*$B15))*(A_MBLG-A_VERB/(A_LUO+(A_LUO=0)*$B15)))/A_MPG_E,0))))/(A_GPT+(A_GPT=0))+A_LOSE*((A_FINF*A_FINN+(1-A_FINF)*(ROUNDUP((A_VERB/(A_LUO+(A_LUO=0)*$B15)+(A_MBLG>A_VERB/(A_LUO+(A_LUO=0)*$B15))*(A_MBLG-A_VERB/(A_LUO+(A_LUO=0)*$B15)))/A_MPG_E,0)+(A_ISTN>ROUNDUP((A_VERB/(A_LUO+(A_LUO=0)*$B15)+(A_MBLG>A_VERB/(A_LUO+(A_LUO=0)*$B15))*(A_MBLG-A_VERB/(A_LUO+(A_LUO=0)*$B15)))/A_MPG_E,0))*(A_ISTN-ROUNDUP((A_VERB/(A_LUO+(A_LUO=0)*$B15)+(A_MBLG>A_VERB/(A_LUO+(A_LUO=0)*$B15))*(A_MBLG-A_VERB/(A_LUO+(A_LUO=0)*$B15)))/A_MPG_E,0))))>0)*A_LA*(1+(A_IST>0)*((A_FINF*A_FINN+(1-A_FINF)*(ROUNDUP((A_VERB/(A_LUO+(A_LUO=0)*$B15)+(A_MBLG>A_VERB/(A_LUO+(A_LUO=0)*$B15))*(A_MBLG-A_VERB/(A_LUO+(A_LUO=0)*$B15)))/A_MPG_E,0)+(A_ISTN>ROUNDUP((A_VERB/(A_LUO+(A_LUO=0)*$B15)+(A_MBLG>A_VERB/(A_LUO+(A_LUO=0)*$B15))*(A_MBLG-A_VERB/(A_LUO+(A_LUO=0)*$B15)))/A_MPG_E,0))*(A_ISTN-ROUNDUP((A_VERB/(A_LUO+(A_LUO=0)*$B15)+(A_MBLG>A_VERB/(A_LUO+(A_LUO=0)*$B15))*(A_MBLG-A_VERB/(A_LUO+(A_LUO=0)*$B15)))/A_MPG_E,0))))>A_IST)*((A_FINF*A_FINN+(1-A_FINF)*(ROUNDUP((A_VERB/(A_LUO+(A_LUO=0)*$B15)+(A_MBLG>A_VERB/(A_LUO+(A_LUO=0)*$B15))*(A_MBLG-A_VERB/(A_LUO+(A_LUO=0)*$B15)))/A_MPG_E,0)+(A_ISTN>ROUNDUP((A_VERB/(A_LUO+(A_LUO=0)*$B15)+(A_MBLG>A_VERB/(A_LUO+(A_LUO=0)*$B15))*(A_MBLG-A_VERB/(A_LUO+(A_LUO=0)*$B15)))/A_MPG_E,0))*(A_ISTN-ROUNDUP((A_VERB/(A_LUO+(A_LUO=0)*$B15)+(A_MBLG>A_VERB/(A_LUO+(A_LUO=0)*$B15))*(A_MBLG-A_VERB/(A_LUO+(A_LUO=0)*$B15)))/A_MPG_E,0))))/(A_IST+(A_IST=0))-1)))/MAX(0.1,N(Parameter!$M$21)))) -> 114.00758 | O15: =SUMPRODUCT((A_LIFT=3)*((A_FACH>0)*A_FACH*(1+(A_KAPR>0)*((A_FINF*A_FINV+(1-A_FINF)*(ROUNDUP((A_VERB/(A_LUO+(A_LUO=0)*$B15)+(A_MBLG>A_VERB/(A_LUO+(A_LUO=0)*$B15))*(A_MBLG-A_VERB/(A_LUO+(A_LUO=0)*$B15)))/A_MPG_E,0)*A_MPG_E+(A_IST>ROUNDUP((A_VERB/(A_LUO+(A_LUO=0)*$B15)+(A_MBLG>A_VERB/(A_LUO+(A_LUO=0)*$B15))*(A_MBLG-A_VERB/(A_LUO+(A_LUO=0)*$B15)))/A_MPG_E,0)*A_MPG_E)*(A_IST-ROUNDUP((A_VERB/(A_LUO+(A_LUO=0)*$B15)+(A_MBLG>A_VERB/(A_LUO+(A_LUO=0)*$B15))*(A_MBLG-A_VERB/(A_LUO+(A_LUO=0)*$B15)))/A_MPG_E,0)*A_MPG_E)))>A_KAPR)*((A_FINF*A_FINV+(1-A_FINF)*(ROUNDUP((A_VERB/(A_LUO+(A_LUO=0)*$B15)+(A_MBLG>A_VERB/(A_LUO+(A_LUO=0)*$B15))*(A_MBLG-A_VERB/(A_LUO+(A_LUO=0)*$B15)))/A_MPG_E,0)*A_MPG_E+(A_IST>ROUNDUP((A_VERB/(A_LUO+(A_LUO=0)*$B15)+(A_MBLG>A_VERB/(A_LUO+(A_LUO=0)*$B15))*(A_MBLG-A_VERB/(A_LUO+(A_LUO=0)*$B15)))/A_MPG_E,0)*A_MPG_E)*(A_IST-ROUNDUP((A_VERB/(A_LUO+(A_LUO=0)*$B15)+(A_MBLG>A_VERB/(A_LUO+(A_LUO=0)*$B15))*(A_MBLG-A_VERB/(A_LUO+(A_LUO=0)*$B15)))/A_MPG_E,0)*A_MPG_E)))/(A_KAPR+(A_KAPR=0))-1))+(A_FACH=0)*((1-A_LOSE)*(A_GPT>0)*(A_FINF*A_FINN+(1-A_FINF)*(ROUNDUP((A_VERB/(A_LUO+(A_LUO=0)*$B15)+(A_MBLG>A_VERB/(A_LUO+(A_LUO=0)*$B15))*(A_MBLG-A_VERB/(A_LUO+(A_LUO=0)*$B15)))/A_MPG_E,0)+(A_ISTN>ROUNDUP((A_VERB/(A_LUO+(A_LUO=0)*$B15)+(A_MBLG>A_VERB/(A_LUO+(A_LUO=0)*$B15))*(A_MBLG-A_VERB/(A_LUO+(A_LUO=0)*$B15)))/A_MPG_E,0))*(A_ISTN-ROUNDUP((A_VERB/(A_LUO+(A_LUO=0)*$B15)+(A_MBLG>A_VERB/(A_LUO+(A_LUO=0)*$B15))*(A_MBLG-A_VERB/(A_LUO+(A_LUO=0)*$B15)))/A_MPG_E,0))))/(A_GPT+(A_GPT=0))+A_LOSE*((A_FINF*A_FINN+(1-A_FINF)*(ROUNDUP((A_VERB/(A_LUO+(A_LUO=0)*$B15)+(A_MBLG>A_VERB/(A_LUO+(A_LUO=0)*$B15))*(A_MBLG-A_VERB/(A_LUO+(A_LUO=0)*$B15)))/A_MPG_E,0)+(A_ISTN>ROUNDUP((A_VERB/(A_LUO+(A_LUO=0)*$B15)+(A_MBLG>A_VERB/(A_LUO+(A_LUO=0)*$B15))*(A_MBLG-A_VERB/(A_LUO+(A_LUO=0)*$B15)))/A_MPG_E,0))*(A_ISTN-ROUNDUP((A_VERB/(A_LUO+(A_LUO=0)*$B15)+(A_MBLG>A_VERB/(A_LUO+(A_LUO=0)*$B15))*(A_MBLG-A_VERB/(A_LUO+(A_LUO=0)*$B15)))/A_MPG_E,0))))>0)*A_LA*(1+(A_IST>0)*((A_FINF*A_FINN+(1-A_FINF)*(ROUNDUP((A_VERB/(A_LUO+(A_LUO=0)*$B15)+(A_MBLG>A_VERB/(A_LUO+(A_LUO=0)*$B15))*(A_MBLG-A_VERB/(A_LUO+(A_LUO=0)*$B15)))/A_MPG_E,0)+(A_ISTN>ROUNDUP((A_VERB/(A_LUO+(A_LUO=0)*$B15)+(A_MBLG>A_VERB/(A_LUO+(A_LUO=0)*$B15))*(A_MBLG-A_VERB/(A_LUO+(A_LUO=0)*$B15)))/A_MPG_E,0))*(A_ISTN-ROUNDUP((A_VERB/(A_LUO+(A_LUO=0)*$B15)+(A_MBLG>A_VERB/(A_LUO+(A_LUO=0)*$B15))*(A_MBLG-A_VERB/(A_LUO+(A_LUO=0)*$B15)))/A_MPG_E,0))))>A_IST)*((A_FINF*A_FINN+(1-A_FINF)*(ROUNDUP((A_VERB/(A_LUO+(A_LUO=0)*$B15)+(A_MBLG>A_VERB/(A_LUO+(A_LUO=0)*$B15))*(A_MBLG-A_VERB/(A_LUO+(A_LUO=0)*$B15)))/A_MPG_E,0)+(A_ISTN>ROUNDUP((A_VERB/(A_LUO+(A_LUO=0)*$B15)+(A_MBLG>A_VERB/(A_LUO+(A_LUO=0)*$B15))*(A_MBLG-A_VERB/(A_LUO+(A_LUO=0)*$B15)))/A_MPG_E,0))*(A_ISTN-ROUNDUP((A_VERB/(A_LUO+(A_LUO=0)*$B15)+(A_MBLG>A_VERB/(A_LUO+(A_LUO=0)*$B15))*(A_MBLG-A_VERB/(A_LUO+(A_LUO=0)*$B15)))/A_MPG_E,0))))/(A_IST+(A_IST=0))-1)))/MAX(0.1,N(Parameter!$M$21)))) -> 40.492872 | P15: =SUMPRODUCT((A_LIFT="Aussen")*((A_FACH>0)*A_FACH*(1+(A_KAPR>0)*((A_FINF*A_FINV+(1-A_FINF)*(ROUNDUP((A_VERB/(A_LUO+(A_LUO=0)*$B15)+(A_MBLG>A_VERB/(A_LUO+(A_LUO=0)*$B15))*(A_MBLG-A_VERB/(A_LUO+(A_LUO=0)*$B15)))/A_MPG_E,0)*A_MPG_E+(A_IST>ROUNDUP((A_VERB/(A_LUO+(A_LUO=0)*$B15)+(A_MBLG>A_VERB/(A_LUO+(A_LUO=0)*$B15))*(A_MBLG-A_VERB/(A_LUO+(A_LUO=0)*$B15)))/A_MPG_E,0)*A_MPG_E)*(A_IST-ROUNDUP((A_VERB/(A_LUO+(A_LUO=0)*$B15)+(A_MBLG>A_VERB/(A_LUO+(A_LUO=0)*$B15))*(A_MBLG-A_VERB/(A_LUO+(A_LUO=0)*$B15)))/A_MPG_E,0)*A_MPG_E)))>A_KAPR)*((A_FINF*A_FINV+(1-A_FINF)*(ROUNDUP((A_VERB/(A_LUO+(A_LUO=0)*$B15)+(A_MBLG>A_VERB/(A_LUO+(A_LUO=0)*$B15))*(A_MBLG-A_VERB/(A_LUO+(A_LUO=0)*$B15)))/A_MPG_E,0)*A_MPG_E+(A_IST>ROUNDUP((A_VERB/(A_LUO+(A_LUO=0)*$B15)+(A_MBLG>A_VERB/(A_LUO+(A_LUO=0)*$B15))*(A_MBLG-A_VERB/(A_LUO+(A_LUO=0)*$B15)))/A_MPG_E,0)*A_MPG_E)*(A_IST-ROUNDUP((A_VERB/(A_LUO+(A_LUO=0)*$B15)+(A_MBLG>A_VERB/(A_LUO+(A_LUO=0)*$B15))*(A_MBLG-A_VERB/(A_LUO+(A_LUO=0)*$B15)))/A_MPG_E,0)*A_MPG_E)))/(A_KAPR+(A_KAPR=0))-1))+(A_FACH=0)*((1-A_LOSE)*(A_GPT>0)*(A_FINF*A_FINN+(1-A_FINF)*(ROUNDUP((A_VERB/(A_LUO+(A_LUO=0)*$B15)+(A_MBLG>A_VERB/(A_LUO+(A_LUO=0)*$B15))*(A_MBLG-A_VERB/(A_LUO+(A_LUO=0)*$B15)))/A_MPG_E,0)+(A_ISTN>ROUNDUP((A_VERB/(A_LUO+(A_LUO=0)*$B15)+(A_MBLG>A_VERB/(A_LUO+(A_LUO=0)*$B15))*(A_MBLG-A_VERB/(A_LUO+(A_LUO=0)*$B15)))/A_MPG_E,0))*(A_ISTN-ROUNDUP((A_VERB/(A_LUO+(A_LUO=0)*$B15)+(A_MBLG>A_VERB/(A_LUO+(A_LUO=0)*$B15))*(A_MBLG-A_VERB/(A_LUO+(A_LUO=0)*$B15)))/A_MPG_E,0))))/(A_GPT+(A_GPT=0))+A_LOSE*((A_FINF*A_FINN+(1-A_FINF)*(ROUNDUP((A_VERB/(A_LUO+(A_LUO=0)*$B15)+(A_MBLG>A_VERB/(A_LUO+(A_LUO=0)*$B15))*(A_MBLG-A_VERB/(A_LUO+(A_LUO=0)*$B15)))/A_MPG_E,0)+(A_ISTN>ROUNDUP((A_VERB/(A_LUO+(A_LUO=0)*$B15)+(A_MBLG>A_VERB/(A_LUO+(A_LUO=0)*$B15))*(A_MBLG-A_VERB/(A_LUO+(A_LUO=0)*$B15)))/A_MPG_E,0))*(A_ISTN-ROUNDUP((A_VERB/(A_LUO+(A_LUO=0)*$B15)+(A_MBLG>A_VERB/(A_LUO+(A_LUO=0)*$B15))*(A_MBLG-A_VERB/(A_LUO+(A_LUO=0)*$B15)))/A_MPG_E,0))))>0)*A_LA*(1+(A_IST>0)*((A_FINF*A_FINN+(1-A_FINF)*(ROUNDUP((A_VERB/(A_LUO+(A_LUO=0)*$B15)+(A_MBLG>A_VERB/(A_LUO+(A_LUO=0)*$B15))*(A_MBLG-A_VERB/(A_LUO+(A_LUO=0)*$B15)))/A_MPG_E,0)+(A_ISTN>ROUNDUP((A_VERB/(A_LUO+(A_LUO=0)*$B15)+(A_MBLG>A_VERB/(A_LUO+(A_LUO=0)*$B15))*(A_MBLG-A_VERB/(A_LUO+(A_LUO=0)*$B15)))/A_MPG_E,0))*(A_ISTN-ROUNDUP((A_VERB/(A_LUO+(A_LUO=0)*$B15)+(A_MBLG>A_VERB/(A_LUO+(A_LUO=0)*$B15))*(A_MBLG-A_VERB/(A_LUO+(A_LUO=0)*$B15)))/A_MPG_E,0))))>A_IST)*((A_FINF*A_FINN+(1-A_FINF)*(ROUNDUP((A_VERB/(A_LUO+(A_LUO=0)*$B15)+(A_MBLG>A_VERB/(A_LUO+(A_LUO=0)*$B15))*(A_MBLG-A_VERB/(A_LUO+(A_LUO=0)*$B15)))/A_MPG_E,0)+(A_ISTN>ROUNDUP((A_VERB/(A_LUO+(A_LUO=0)*$B15)+(A_MBLG>A_VERB/(A_LUO+(A_LUO=0)*$B15))*(A_MBLG-A_VERB/(A_LUO+(A_LUO=0)*$B15)))/A_MPG_E,0))*(A_ISTN-ROUNDUP((A_VERB/(A_LUO+(A_LUO=0)*$B15)+(A_MBLG>A_VERB/(A_LUO+(A_LUO=0)*$B15))*(A_MBLG-A_VERB/(A_LUO+(A_LUO=0)*$B15)))/A_MPG_E,0))))/(A_IST+(A_IST=0))-1)))/MAX(0.1,N(Parameter!$M$21)))) -> 0
A16: C – Ziel-LU oder Ist | B16: =Parameter!$A$25 -> 2 | C16: =M16/Parameter!$E$5 -> 1.419861 | D16: =N16/Parameter!$E$6 -> 2.0634848 | E16: =O16/Parameter!$E$7 -> 0.78145806 | F16: =(N16+O16)/(Parameter!$E$6+Parameter!$E$7) -> 1.4224715 | G16: =(M16+N16+O16)/Parameter!$E$8 -> 1.4216013 | H16: =IF(AND(M16<=Parameter!$E$5,N16+O16<=Parameter!$E$6+Parameter!$E$7),"JA","NEIN") -> NEIN | I16: =MAX(0,M16-Parameter!$E$5)+MAX(0,N16+O16-Parameter!$E$6-Parameter!$E$7)+P16 -> 63.240195 | J16: =SUMPRODUCT((A_FINF*A_FINV+(1-A_FINF)*(ROUNDUP((A_VERB/(A_LUO+(A_LUO=0)*$B16)+(A_MBLG>A_VERB/(A_LUO+(A_LUO=0)*$B16))*(A_MBLG-A_VERB/(A_LUO+(A_LUO=0)*$B16)))/A_MPG_E,0)*A_MPG_E+(A_IST>ROUNDUP((A_VERB/(A_LUO+(A_LUO=0)*$B16)+(A_MBLG>A_VERB/(A_LUO+(A_LUO=0)*$B16))*(A_MBLG-A_VERB/(A_LUO+(A_LUO=0)*$B16)))/A_MPG_E,0)*A_MPG_E)*(A_IST-ROUNDUP((A_VERB/(A_LUO+(A_LUO=0)*$B16)+(A_MBLG>A_VERB/(A_LUO+(A_LUO=0)*$B16))*(A_MBLG-A_VERB/(A_LUO+(A_LUO=0)*$B16)))/A_MPG_E,0)*A_MPG_E)))*A_PREIS) -> 7904043 | K16: =J16-$J$5 -> 4452996.8 | L16: =(M16+N16+O16+P16)-($M$5+$N$5+$O$5+$P$5) -> 62.325606 | M16: =SUMPRODUCT((A_LIFT=1)*((A_FACH>0)*A_FACH*(1+(A_KAPR>0)*((A_FINF*A_FINV+(1-A_FINF)*(ROUNDUP((A_VERB/(A_LUO+(A_LUO=0)*$B16)+(A_MBLG>A_VERB/(A_LUO+(A_LUO=0)*$B16))*(A_MBLG-A_VERB/(A_LUO+(A_LUO=0)*$B16)))/A_MPG_E,0)*A_MPG_E+(A_IST>ROUNDUP((A_VERB/(A_LUO+(A_LUO=0)*$B16)+(A_MBLG>A_VERB/(A_LUO+(A_LUO=0)*$B16))*(A_MBLG-A_VERB/(A_LUO+(A_LUO=0)*$B16)))/A_MPG_E,0)*A_MPG_E)*(A_IST-ROUNDUP((A_VERB/(A_LUO+(A_LUO=0)*$B16)+(A_MBLG>A_VERB/(A_LUO+(A_LUO=0)*$B16))*(A_MBLG-A_VERB/(A_LUO+(A_LUO=0)*$B16)))/A_MPG_E,0)*A_MPG_E)))>A_KAPR)*((A_FINF*A_FINV+(1-A_FINF)*(ROUNDUP((A_VERB/(A_LUO+(A_LUO=0)*$B16)+(A_MBLG>A_VERB/(A_LUO+(A_LUO=0)*$B16))*(A_MBLG-A_VERB/(A_LUO+(A_LUO=0)*$B16)))/A_MPG_E,0)*A_MPG_E+(A_IST>ROUNDUP((A_VERB/(A_LUO+(A_LUO=0)*$B16)+(A_MBLG>A_VERB/(A_LUO+(A_LUO=0)*$B16))*(A_MBLG-A_VERB/(A_LUO+(A_LUO=0)*$B16)))/A_MPG_E,0)*A_MPG_E)*(A_IST-ROUNDUP((A_VERB/(A_LUO+(A_LUO=0)*$B16)+(A_MBLG>A_VERB/(A_LUO+(A_LUO=0)*$B16))*(A_MBLG-A_VERB/(A_LUO+(A_LUO=0)*$B16)))/A_MPG_E,0)*A_MPG_E)))/(A_KAPR+(A_KAPR=0))-1))+(A_FACH=0)*((1-A_LOSE)*(A_GPT>0)*(A_FINF*A_FINN+(1-A_FINF)*(ROUNDUP((A_VERB/(A_LUO+(A_LUO=0)*$B16)+(A_MBLG>A_VERB/(A_LUO+(A_LUO=0)*$B16))*(A_MBLG-A_VERB/(A_LUO+(A_LUO=0)*$B16)))/A_MPG_E,0)+(A_ISTN>ROUNDUP((A_VERB/(A_LUO+(A_LUO=0)*$B16)+(A_MBLG>A_VERB/(A_LUO+(A_LUO=0)*$B16))*(A_MBLG-A_VERB/(A_LUO+(A_LUO=0)*$B16)))/A_MPG_E,0))*(A_ISTN-ROUNDUP((A_VERB/(A_LUO+(A_LUO=0)*$B16)+(A_MBLG>A_VERB/(A_LUO+(A_LUO=0)*$B16))*(A_MBLG-A_VERB/(A_LUO+(A_LUO=0)*$B16)))/A_MPG_E,0))))/(A_GPT+(A_GPT=0))+A_LOSE*((A_FINF*A_FINN+(1-A_FINF)*(ROUNDUP((A_VERB/(A_LUO+(A_LUO=0)*$B16)+(A_MBLG>A_VERB/(A_LUO+(A_LUO=0)*$B16))*(A_MBLG-A_VERB/(A_LUO+(A_LUO=0)*$B16)))/A_MPG_E,0)+(A_ISTN>ROUNDUP((A_VERB/(A_LUO+(A_LUO=0)*$B16)+(A_MBLG>A_VERB/(A_LUO+(A_LUO=0)*$B16))*(A_MBLG-A_VERB/(A_LUO+(A_LUO=0)*$B16)))/A_MPG_E,0))*(A_ISTN-ROUNDUP((A_VERB/(A_LUO+(A_LUO=0)*$B16)+(A_MBLG>A_VERB/(A_LUO+(A_LUO=0)*$B16))*(A_MBLG-A_VERB/(A_LUO+(A_LUO=0)*$B16)))/A_MPG_E,0))))>0)*A_LA*(1+(A_IST>0)*((A_FINF*A_FINN+(1-A_FINF)*(ROUNDUP((A_VERB/(A_LUO+(A_LUO=0)*$B16)+(A_MBLG>A_VERB/(A_LUO+(A_LUO=0)*$B16))*(A_MBLG-A_VERB/(A_LUO+(A_LUO=0)*$B16)))/A_MPG_E,0)+(A_ISTN>ROUNDUP((A_VERB/(A_LUO+(A_LUO=0)*$B16)+(A_MBLG>A_VERB/(A_LUO+(A_LUO=0)*$B16))*(A_MBLG-A_VERB/(A_LUO+(A_LUO=0)*$B16)))/A_MPG_E,0))*(A_ISTN-ROUNDUP((A_VERB/(A_LUO+(A_LUO=0)*$B16)+(A_MBLG>A_VERB/(A_LUO+(A_LUO=0)*$B16))*(A_MBLG-A_VERB/(A_LUO+(A_LUO=0)*$B16)))/A_MPG_E,0))))>A_IST)*((A_FINF*A_FINN+(1-A_FINF)*(ROUNDUP((A_VERB/(A_LUO+(A_LUO=0)*$B16)+(A_MBLG>A_VERB/(A_LUO+(A_LUO=0)*$B16))*(A_MBLG-A_VERB/(A_LUO+(A_LUO=0)*$B16)))/A_MPG_E,0)+(A_ISTN>ROUNDUP((A_VERB/(A_LUO+(A_LUO=0)*$B16)+(A_MBLG>A_VERB/(A_LUO+(A_LUO=0)*$B16))*(A_MBLG-A_VERB/(A_LUO+(A_LUO=0)*$B16)))/A_MPG_E,0))*(A_ISTN-ROUNDUP((A_VERB/(A_LUO+(A_LUO=0)*$B16)+(A_MBLG>A_VERB/(A_LUO+(A_LUO=0)*$B16))*(A_MBLG-A_VERB/(A_LUO+(A_LUO=0)*$B16)))/A_MPG_E,0))))/(A_IST+(A_IST=0))-1)))/MAX(0.1,N(Parameter!$M$21)))) -> 70.99305 | N16: =SUMPRODUCT((A_LIFT=2)*((A_FACH>0)*A_FACH*(1+(A_KAPR>0)*((A_FINF*A_FINV+(1-A_FINF)*(ROUNDUP((A_VERB/(A_LUO+(A_LUO=0)*$B16)+(A_MBLG>A_VERB/(A_LUO+(A_LUO=0)*$B16))*(A_MBLG-A_VERB/(A_LUO+(A_LUO=0)*$B16)))/A_MPG_E,0)*A_MPG_E+(A_IST>ROUNDUP((A_VERB/(A_LUO+(A_LUO=0)*$B16)+(A_MBLG>A_VERB/(A_LUO+(A_LUO=0)*$B16))*(A_MBLG-A_VERB/(A_LUO+(A_LUO=0)*$B16)))/A_MPG_E,0)*A_MPG_E)*(A_IST-ROUNDUP((A_VERB/(A_LUO+(A_LUO=0)*$B16)+(A_MBLG>A_VERB/(A_LUO+(A_LUO=0)*$B16))*(A_MBLG-A_VERB/(A_LUO+(A_LUO=0)*$B16)))/A_MPG_E,0)*A_MPG_E)))>A_KAPR)*((A_FINF*A_FINV+(1-A_FINF)*(ROUNDUP((A_VERB/(A_LUO+(A_LUO=0)*$B16)+(A_MBLG>A_VERB/(A_LUO+(A_LUO=0)*$B16))*(A_MBLG-A_VERB/(A_LUO+(A_LUO=0)*$B16)))/A_MPG_E,0)*A_MPG_E+(A_IST>ROUNDUP((A_VERB/(A_LUO+(A_LUO=0)*$B16)+(A_MBLG>A_VERB/(A_LUO+(A_LUO=0)*$B16))*(A_MBLG-A_VERB/(A_LUO+(A_LUO=0)*$B16)))/A_MPG_E,0)*A_MPG_E)*(A_IST-ROUNDUP((A_VERB/(A_LUO+(A_LUO=0)*$B16)+(A_MBLG>A_VERB/(A_LUO+(A_LUO=0)*$B16))*(A_MBLG-A_VERB/(A_LUO+(A_LUO=0)*$B16)))/A_MPG_E,0)*A_MPG_E)))/(A_KAPR+(A_KAPR=0))-1))+(A_FACH=0)*((1-A_LOSE)*(A_GPT>0)*(A_FINF*A_FINN+(1-A_FINF)*(ROUNDUP((A_VERB/(A_LUO+(A_LUO=0)*$B16)+(A_MBLG>A_VERB/(A_LUO+(A_LUO=0)*$B16))*(A_MBLG-A_VERB/(A_LUO+(A_LUO=0)*$B16)))/A_MPG_E,0)+(A_ISTN>ROUNDUP((A_VERB/(A_LUO+(A_LUO=0)*$B16)+(A_MBLG>A_VERB/(A_LUO+(A_LUO=0)*$B16))*(A_MBLG-A_VERB/(A_LUO+(A_LUO=0)*$B16)))/A_MPG_E,0))*(A_ISTN-ROUNDUP((A_VERB/(A_LUO+(A_LUO=0)*$B16)+(A_MBLG>A_VERB/(A_LUO+(A_LUO=0)*$B16))*(A_MBLG-A_VERB/(A_LUO+(A_LUO=0)*$B16)))/A_MPG_E,0))))/(A_GPT+(A_GPT=0))+A_LOSE*((A_FINF*A_FINN+(1-A_FINF)*(ROUNDUP((A_VERB/(A_LUO+(A_LUO=0)*$B16)+(A_MBLG>A_VERB/(A_LUO+(A_LUO=0)*$B16))*(A_MBLG-A_VERB/(A_LUO+(A_LUO=0)*$B16)))/A_MPG_E,0)+(A_ISTN>ROUNDUP((A_VERB/(A_LUO+(A_LUO=0)*$B16)+(A_MBLG>A_VERB/(A_LUO+(A_LUO=0)*$B16))*(A_MBLG-A_VERB/(A_LUO+(A_LUO=0)*$B16)))/A_MPG_E,0))*(A_ISTN-ROUNDUP((A_VERB/(A_LUO+(A_LUO=0)*$B16)+(A_MBLG>A_VERB/(A_LUO+(A_LUO=0)*$B16))*(A_MBLG-A_VERB/(A_LUO+(A_LUO=0)*$B16)))/A_MPG_E,0))))>0)*A_LA*(1+(A_IST>0)*((A_FINF*A_FINN+(1-A_FINF)*(ROUNDUP((A_VERB/(A_LUO+(A_LUO=0)*$B16)+(A_MBLG>A_VERB/(A_LUO+(A_LUO=0)*$B16))*(A_MBLG-A_VERB/(A_LUO+(A_LUO=0)*$B16)))/A_MPG_E,0)+(A_ISTN>ROUNDUP((A_VERB/(A_LUO+(A_LUO=0)*$B16)+(A_MBLG>A_VERB/(A_LUO+(A_LUO=0)*$B16))*(A_MBLG-A_VERB/(A_LUO+(A_LUO=0)*$B16)))/A_MPG_E,0))*(A_ISTN-ROUNDUP((A_VERB/(A_LUO+(A_LUO=0)*$B16)+(A_MBLG>A_VERB/(A_LUO+(A_LUO=0)*$B16))*(A_MBLG-A_VERB/(A_LUO+(A_LUO=0)*$B16)))/A_MPG_E,0))))>A_IST)*((A_FINF*A_FINN+(1-A_FINF)*(ROUNDUP((A_VERB/(A_LUO+(A_LUO=0)*$B16)+(A_MBLG>A_VERB/(A_LUO+(A_LUO=0)*$B16))*(A_MBLG-A_VERB/(A_LUO+(A_LUO=0)*$B16)))/A_MPG_E,0)+(A_ISTN>ROUNDUP((A_VERB/(A_LUO+(A_LUO=0)*$B16)+(A_MBLG>A_VERB/(A_LUO+(A_LUO=0)*$B16))*(A_MBLG-A_VERB/(A_LUO+(A_LUO=0)*$B16)))/A_MPG_E,0))*(A_ISTN-ROUNDUP((A_VERB/(A_LUO+(A_LUO=0)*$B16)+(A_MBLG>A_VERB/(A_LUO+(A_LUO=0)*$B16))*(A_MBLG-A_VERB/(A_LUO+(A_LUO=0)*$B16)))/A_MPG_E,0))))/(A_IST+(A_IST=0))-1)))/MAX(0.1,N(Parameter!$M$21)))) -> 103.17424 | O16: =SUMPRODUCT((A_LIFT=3)*((A_FACH>0)*A_FACH*(1+(A_KAPR>0)*((A_FINF*A_FINV+(1-A_FINF)*(ROUNDUP((A_VERB/(A_LUO+(A_LUO=0)*$B16)+(A_MBLG>A_VERB/(A_LUO+(A_LUO=0)*$B16))*(A_MBLG-A_VERB/(A_LUO+(A_LUO=0)*$B16)))/A_MPG_E,0)*A_MPG_E+(A_IST>ROUNDUP((A_VERB/(A_LUO+(A_LUO=0)*$B16)+(A_MBLG>A_VERB/(A_LUO+(A_LUO=0)*$B16))*(A_MBLG-A_VERB/(A_LUO+(A_LUO=0)*$B16)))/A_MPG_E,0)*A_MPG_E)*(A_IST-ROUNDUP((A_VERB/(A_LUO+(A_LUO=0)*$B16)+(A_MBLG>A_VERB/(A_LUO+(A_LUO=0)*$B16))*(A_MBLG-A_VERB/(A_LUO+(A_LUO=0)*$B16)))/A_MPG_E,0)*A_MPG_E)))>A_KAPR)*((A_FINF*A_FINV+(1-A_FINF)*(ROUNDUP((A_VERB/(A_LUO+(A_LUO=0)*$B16)+(A_MBLG>A_VERB/(A_LUO+(A_LUO=0)*$B16))*(A_MBLG-A_VERB/(A_LUO+(A_LUO=0)*$B16)))/A_MPG_E,0)*A_MPG_E+(A_IST>ROUNDUP((A_VERB/(A_LUO+(A_LUO=0)*$B16)+(A_MBLG>A_VERB/(A_LUO+(A_LUO=0)*$B16))*(A_MBLG-A_VERB/(A_LUO+(A_LUO=0)*$B16)))/A_MPG_E,0)*A_MPG_E)*(A_IST-ROUNDUP((A_VERB/(A_LUO+(A_LUO=0)*$B16)+(A_MBLG>A_VERB/(A_LUO+(A_LUO=0)*$B16))*(A_MBLG-A_VERB/(A_LUO+(A_LUO=0)*$B16)))/A_MPG_E,0)*A_MPG_E)))/(A_KAPR+(A_KAPR=0))-1))+(A_FACH=0)*((1-A_LOSE)*(A_GPT>0)*(A_FINF*A_FINN+(1-A_FINF)*(ROUNDUP((A_VERB/(A_LUO+(A_LUO=0)*$B16)+(A_MBLG>A_VERB/(A_LUO+(A_LUO=0)*$B16))*(A_MBLG-A_VERB/(A_LUO+(A_LUO=0)*$B16)))/A_MPG_E,0)+(A_ISTN>ROUNDUP((A_VERB/(A_LUO+(A_LUO=0)*$B16)+(A_MBLG>A_VERB/(A_LUO+(A_LUO=0)*$B16))*(A_MBLG-A_VERB/(A_LUO+(A_LUO=0)*$B16)))/A_MPG_E,0))*(A_ISTN-ROUNDUP((A_VERB/(A_LUO+(A_LUO=0)*$B16)+(A_MBLG>A_VERB/(A_LUO+(A_LUO=0)*$B16))*(A_MBLG-A_VERB/(A_LUO+(A_LUO=0)*$B16)))/A_MPG_E,0))))/(A_GPT+(A_GPT=0))+A_LOSE*((A_FINF*A_FINN+(1-A_FINF)*(ROUNDUP((A_VERB/(A_LUO+(A_LUO=0)*$B16)+(A_MBLG>A_VERB/(A_LUO+(A_LUO=0)*$B16))*(A_MBLG-A_VERB/(A_LUO+(A_LUO=0)*$B16)))/A_MPG_E,0)+(A_ISTN>ROUNDUP((A_VERB/(A_LUO+(A_LUO=0)*$B16)+(A_MBLG>A_VERB/(A_LUO+(A_LUO=0)*$B16))*(A_MBLG-A_VERB/(A_LUO+(A_LUO=0)*$B16)))/A_MPG_E,0))*(A_ISTN-ROUNDUP((A_VERB/(A_LUO+(A_LUO=0)*$B16)+(A_MBLG>A_VERB/(A_LUO+(A_LUO=0)*$B16))*(A_MBLG-A_VERB/(A_LUO+(A_LUO=0)*$B16)))/A_MPG_E,0))))>0)*A_LA*(1+(A_IST>0)*((A_FINF*A_FINN+(1-A_FINF)*(ROUNDUP((A_VERB/(A_LUO+(A_LUO=0)*$B16)+(A_MBLG>A_VERB/(A_LUO+(A_LUO=0)*$B16))*(A_MBLG-A_VERB/(A_LUO+(A_LUO=0)*$B16)))/A_MPG_E,0)+(A_ISTN>ROUNDUP((A_VERB/(A_LUO+(A_LUO=0)*$B16)+(A_MBLG>A_VERB/(A_LUO+(A_LUO=0)*$B16))*(A_MBLG-A_VERB/(A_LUO+(A_LUO=0)*$B16)))/A_MPG_E,0))*(A_ISTN-ROUNDUP((A_VERB/(A_LUO+(A_LUO=0)*$B16)+(A_MBLG>A_VERB/(A_LUO+(A_LUO=0)*$B16))*(A_MBLG-A_VERB/(A_LUO+(A_LUO=0)*$B16)))/A_MPG_E,0))))>A_IST)*((A_FINF*A_FINN+(1-A_FINF)*(ROUNDUP((A_VERB/(A_LUO+(A_LUO=0)*$B16)+(A_MBLG>A_VERB/(A_LUO+(A_LUO=0)*$B16))*(A_MBLG-A_VERB/(A_LUO+(A_LUO=0)*$B16)))/A_MPG_E,0)+(A_ISTN>ROUNDUP((A_VERB/(A_LUO+(A_LUO=0)*$B16)+(A_MBLG>A_VERB/(A_LUO+(A_LUO=0)*$B16))*(A_MBLG-A_VERB/(A_LUO+(A_LUO=0)*$B16)))/A_MPG_E,0))*(A_ISTN-ROUNDUP((A_VERB/(A_LUO+(A_LUO=0)*$B16)+(A_MBLG>A_VERB/(A_LUO+(A_LUO=0)*$B16))*(A_MBLG-A_VERB/(A_LUO+(A_LUO=0)*$B16)))/A_MPG_E,0))))/(A_IST+(A_IST=0))-1)))/MAX(0.1,N(Parameter!$M$21)))) -> 39.072903 | P16: =SUMPRODUCT((A_LIFT="Aussen")*((A_FACH>0)*A_FACH*(1+(A_KAPR>0)*((A_FINF*A_FINV+(1-A_FINF)*(ROUNDUP((A_VERB/(A_LUO+(A_LUO=0)*$B16)+(A_MBLG>A_VERB/(A_LUO+(A_LUO=0)*$B16))*(A_MBLG-A_VERB/(A_LUO+(A_LUO=0)*$B16)))/A_MPG_E,0)*A_MPG_E+(A_IST>ROUNDUP((A_VERB/(A_LUO+(A_LUO=0)*$B16)+(A_MBLG>A_VERB/(A_LUO+(A_LUO=0)*$B16))*(A_MBLG-A_VERB/(A_LUO+(A_LUO=0)*$B16)))/A_MPG_E,0)*A_MPG_E)*(A_IST-ROUNDUP((A_VERB/(A_LUO+(A_LUO=0)*$B16)+(A_MBLG>A_VERB/(A_LUO+(A_LUO=0)*$B16))*(A_MBLG-A_VERB/(A_LUO+(A_LUO=0)*$B16)))/A_MPG_E,0)*A_MPG_E)))>A_KAPR)*((A_FINF*A_FINV+(1-A_FINF)*(ROUNDUP((A_VERB/(A_LUO+(A_LUO=0)*$B16)+(A_MBLG>A_VERB/(A_LUO+(A_LUO=0)*$B16))*(A_MBLG-A_VERB/(A_LUO+(A_LUO=0)*$B16)))/A_MPG_E,0)*A_MPG_E+(A_IST>ROUNDUP((A_VERB/(A_LUO+(A_LUO=0)*$B16)+(A_MBLG>A_VERB/(A_LUO+(A_LUO=0)*$B16))*(A_MBLG-A_VERB/(A_LUO+(A_LUO=0)*$B16)))/A_MPG_E,0)*A_MPG_E)*(A_IST-ROUNDUP((A_VERB/(A_LUO+(A_LUO=0)*$B16)+(A_MBLG>A_VERB/(A_LUO+(A_LUO=0)*$B16))*(A_MBLG-A_VERB/(A_LUO+(A_LUO=0)*$B16)))/A_MPG_E,0)*A_MPG_E)))/(A_KAPR+(A_KAPR=0))-1))+(A_FACH=0)*((1-A_LOSE)*(A_GPT>0)*(A_FINF*A_FINN+(1-A_FINF)*(ROUNDUP((A_VERB/(A_LUO+(A_LUO=0)*$B16)+(A_MBLG>A_VERB/(A_LUO+(A_LUO=0)*$B16))*(A_MBLG-A_VERB/(A_LUO+(A_LUO=0)*$B16)))/A_MPG_E,0)+(A_ISTN>ROUNDUP((A_VERB/(A_LUO+(A_LUO=0)*$B16)+(A_MBLG>A_VERB/(A_LUO+(A_LUO=0)*$B16))*(A_MBLG-A_VERB/(A_LUO+(A_LUO=0)*$B16)))/A_MPG_E,0))*(A_ISTN-ROUNDUP((A_VERB/(A_LUO+(A_LUO=0)*$B16)+(A_MBLG>A_VERB/(A_LUO+(A_LUO=0)*$B16))*(A_MBLG-A_VERB/(A_LUO+(A_LUO=0)*$B16)))/A_MPG_E,0))))/(A_GPT+(A_GPT=0))+A_LOSE*((A_FINF*A_FINN+(1-A_FINF)*(ROUNDUP((A_VERB/(A_LUO+(A_LUO=0)*$B16)+(A_MBLG>A_VERB/(A_LUO+(A_LUO=0)*$B16))*(A_MBLG-A_VERB/(A_LUO+(A_LUO=0)*$B16)))/A_MPG_E,0)+(A_ISTN>ROUNDUP((A_VERB/(A_LUO+(A_LUO=0)*$B16)+(A_MBLG>A_VERB/(A_LUO+(A_LUO=0)*$B16))*(A_MBLG-A_VERB/(A_LUO+(A_LUO=0)*$B16)))/A_MPG_E,0))*(A_ISTN-ROUNDUP((A_VERB/(A_LUO+(A_LUO=0)*$B16)+(A_MBLG>A_VERB/(A_LUO+(A_LUO=0)*$B16))*(A_MBLG-A_VERB/(A_LUO+(A_LUO=0)*$B16)))/A_MPG_E,0))))>0)*A_LA*(1+(A_IST>0)*((A_FINF*A_FINN+(1-A_FINF)*(ROUNDUP((A_VERB/(A_LUO+(A_LUO=0)*$B16)+(A_MBLG>A_VERB/(A_LUO+(A_LUO=0)*$B16))*(A_MBLG-A_VERB/(A_LUO+(A_LUO=0)*$B16)))/A_MPG_E,0)+(A_ISTN>ROUNDUP((A_VERB/(A_LUO+(A_LUO=0)*$B16)+(A_MBLG>A_VERB/(A_LUO+(A_LUO=0)*$B16))*(A_MBLG-A_VERB/(A_LUO+(A_LUO=0)*$B16)))/A_MPG_E,0))*(A_ISTN-ROUNDUP((A_VERB/(A_LUO+(A_LUO=0)*$B16)+(A_MBLG>A_VERB/(A_LUO+(A_LUO=0)*$B16))*(A_MBLG-A_VERB/(A_LUO+(A_LUO=0)*$B16)))/A_MPG_E,0))))>A_IST)*((A_FINF*A_FINN+(1-A_FINF)*(ROUNDUP((A_VERB/(A_LUO+(A_LUO=0)*$B16)+(A_MBLG>A_VERB/(A_LUO+(A_LUO=0)*$B16))*(A_MBLG-A_VERB/(A_LUO+(A_LUO=0)*$B16)))/A_MPG_E,0)+(A_ISTN>ROUNDUP((A_VERB/(A_LUO+(A_LUO=0)*$B16)+(A_MBLG>A_VERB/(A_LUO+(A_LUO=0)*$B16))*(A_MBLG-A_VERB/(A_LUO+(A_LUO=0)*$B16)))/A_MPG_E,0))*(A_ISTN-ROUNDUP((A_VERB/(A_LUO+(A_LUO=0)*$B16)+(A_MBLG>A_VERB/(A_LUO+(A_LUO=0)*$B16))*(A_MBLG-A_VERB/(A_LUO+(A_LUO=0)*$B16)))/A_MPG_E,0))))/(A_IST+(A_IST=0))-1)))/MAX(0.1,N(Parameter!$M$21)))) -> 0
A17: C – Ziel-LU oder Ist | B17: =Parameter!$A$26 -> 2.5 | C17: =M17/Parameter!$E$5 -> 1.3410033 | D17: =N17/Parameter!$E$6 -> 1.9768182 | E17: =O17/Parameter!$E$7 -> 0.76799652 | F17: =(N17+O17)/(Parameter!$E$6+Parameter!$E$7) -> 1.3724074 | G17: =(M17+N17+O17)/Parameter!$E$8 -> 1.3619393 | H17: =IF(AND(M17<=Parameter!$E$5,N17+O17<=Parameter!$E$6+Parameter!$E$7),"JA","NEIN") -> NEIN | I17: =MAX(0,M17-Parameter!$E$5)+MAX(0,N17+O17-Parameter!$E$6-Parameter!$E$7)+P17 -> 54.290898 | J17: =SUMPRODUCT((A_FINF*A_FINV+(1-A_FINF)*(ROUNDUP((A_VERB/(A_LUO+(A_LUO=0)*$B17)+(A_MBLG>A_VERB/(A_LUO+(A_LUO=0)*$B17))*(A_MBLG-A_VERB/(A_LUO+(A_LUO=0)*$B17)))/A_MPG_E,0)*A_MPG_E+(A_IST>ROUNDUP((A_VERB/(A_LUO+(A_LUO=0)*$B17)+(A_MBLG>A_VERB/(A_LUO+(A_LUO=0)*$B17))*(A_MBLG-A_VERB/(A_LUO+(A_LUO=0)*$B17)))/A_MPG_E,0)*A_MPG_E)*(A_IST-ROUNDUP((A_VERB/(A_LUO+(A_LUO=0)*$B17)+(A_MBLG>A_VERB/(A_LUO+(A_LUO=0)*$B17))*(A_MBLG-A_VERB/(A_LUO+(A_LUO=0)*$B17)))/A_MPG_E,0)*A_MPG_E)))*A_PREIS) -> 7338691.8 | K17: =J17-$J$5 -> 3887645.6 | L17: =(M17+N17+O17+P17)-($M$5+$N$5+$O$5+$P$5) -> 53.376309 | M17: =SUMPRODUCT((A_LIFT=1)*((A_FACH>0)*A_FACH*(1+(A_KAPR>0)*((A_FINF*A_FINV+(1-A_FINF)*(ROUNDUP((A_VERB/(A_LUO+(A_LUO=0)*$B17)+(A_MBLG>A_VERB/(A_LUO+(A_LUO=0)*$B17))*(A_MBLG-A_VERB/(A_LUO+(A_LUO=0)*$B17)))/A_MPG_E,0)*A_MPG_E+(A_IST>ROUNDUP((A_VERB/(A_LUO+(A_LUO=0)*$B17)+(A_MBLG>A_VERB/(A_LUO+(A_LUO=0)*$B17))*(A_MBLG-A_VERB/(A_LUO+(A_LUO=0)*$B17)))/A_MPG_E,0)*A_MPG_E)*(A_IST-ROUNDUP((A_VERB/(A_LUO+(A_LUO=0)*$B17)+(A_MBLG>A_VERB/(A_LUO+(A_LUO=0)*$B17))*(A_MBLG-A_VERB/(A_LUO+(A_LUO=0)*$B17)))/A_MPG_E,0)*A_MPG_E)))>A_KAPR)*((A_FINF*A_FINV+(1-A_FINF)*(ROUNDUP((A_VERB/(A_LUO+(A_LUO=0)*$B17)+(A_MBLG>A_VERB/(A_LUO+(A_LUO=0)*$B17))*(A_MBLG-A_VERB/(A_LUO+(A_LUO=0)*$B17)))/A_MPG_E,0)*A_MPG_E+(A_IST>ROUNDUP((A_VERB/(A_LUO+(A_LUO=0)*$B17)+(A_MBLG>A_VERB/(A_LUO+(A_LUO=0)*$B17))*(A_MBLG-A_VERB/(A_LUO+(A_LUO=0)*$B17)))/A_MPG_E,0)*A_MPG_E)*(A_IST-ROUNDUP((A_VERB/(A_LUO+(A_LUO=0)*$B17)+(A_MBLG>A_VERB/(A_LUO+(A_LUO=0)*$B17))*(A_MBLG-A_VERB/(A_LUO+(A_LUO=0)*$B17)))/A_MPG_E,0)*A_MPG_E)))/(A_KAPR+(A_KAPR=0))-1))+(A_FACH=0)*((1-A_LOSE)*(A_GPT>0)*(A_FINF*A_FINN+(1-A_FINF)*(ROUNDUP((A_VERB/(A_LUO+(A_LUO=0)*$B17)+(A_MBLG>A_VERB/(A_LUO+(A_LUO=0)*$B17))*(A_MBLG-A_VERB/(A_LUO+(A_LUO=0)*$B17)))/A_MPG_E,0)+(A_ISTN>ROUNDUP((A_VERB/(A_LUO+(A_LUO=0)*$B17)+(A_MBLG>A_VERB/(A_LUO+(A_LUO=0)*$B17))*(A_MBLG-A_VERB/(A_LUO+(A_LUO=0)*$B17)))/A_MPG_E,0))*(A_ISTN-ROUNDUP((A_VERB/(A_LUO+(A_LUO=0)*$B17)+(A_MBLG>A_VERB/(A_LUO+(A_LUO=0)*$B17))*(A_MBLG-A_VERB/(A_LUO+(A_LUO=0)*$B17)))/A_MPG_E,0))))/(A_GPT+(A_GPT=0))+A_LOSE*((A_FINF*A_FINN+(1-A_FINF)*(ROUNDUP((A_VERB/(A_LUO+(A_LUO=0)*$B17)+(A_MBLG>A_VERB/(A_LUO+(A_LUO=0)*$B17))*(A_MBLG-A_VERB/(A_LUO+(A_LUO=0)*$B17)))/A_MPG_E,0)+(A_ISTN>ROUNDUP((A_VERB/(A_LUO+(A_LUO=0)*$B17)+(A_MBLG>A_VERB/(A_LUO+(A_LUO=0)*$B17))*(A_MBLG-A_VERB/(A_LUO+(A_LUO=0)*$B17)))/A_MPG_E,0))*(A_ISTN-ROUNDUP((A_VERB/(A_LUO+(A_LUO=0)*$B17)+(A_MBLG>A_VERB/(A_LUO+(A_LUO=0)*$B17))*(A_MBLG-A_VERB/(A_LUO+(A_LUO=0)*$B17)))/A_MPG_E,0))))>0)*A_LA*(1+(A_IST>0)*((A_FINF*A_FINN+(1-A_FINF)*(ROUNDUP((A_VERB/(A_LUO+(A_LUO=0)*$B17)+(A_MBLG>A_VERB/(A_LUO+(A_LUO=0)*$B17))*(A_MBLG-A_VERB/(A_LUO+(A_LUO=0)*$B17)))/A_MPG_E,0)+(A_ISTN>ROUNDUP((A_VERB/(A_LUO+(A_LUO=0)*$B17)+(A_MBLG>A_VERB/(A_LUO+(A_LUO=0)*$B17))*(A_MBLG-A_VERB/(A_LUO+(A_LUO=0)*$B17)))/A_MPG_E,0))*(A_ISTN-ROUNDUP((A_VERB/(A_LUO+(A_LUO=0)*$B17)+(A_MBLG>A_VERB/(A_LUO+(A_LUO=0)*$B17))*(A_MBLG-A_VERB/(A_LUO+(A_LUO=0)*$B17)))/A_MPG_E,0))))>A_IST)*((A_FINF*A_FINN+(1-A_FINF)*(ROUNDUP((A_VERB/(A_LUO+(A_LUO=0)*$B17)+(A_MBLG>A_VERB/(A_LUO+(A_LUO=0)*$B17))*(A_MBLG-A_VERB/(A_LUO+(A_LUO=0)*$B17)))/A_MPG_E,0)+(A_ISTN>ROUNDUP((A_VERB/(A_LUO+(A_LUO=0)*$B17)+(A_MBLG>A_VERB/(A_LUO+(A_LUO=0)*$B17))*(A_MBLG-A_VERB/(A_LUO+(A_LUO=0)*$B17)))/A_MPG_E,0))*(A_ISTN-ROUNDUP((A_VERB/(A_LUO+(A_LUO=0)*$B17)+(A_MBLG>A_VERB/(A_LUO+(A_LUO=0)*$B17))*(A_MBLG-A_VERB/(A_LUO+(A_LUO=0)*$B17)))/A_MPG_E,0))))/(A_IST+(A_IST=0))-1)))/MAX(0.1,N(Parameter!$M$21)))) -> 67.050163 | N17: =SUMPRODUCT((A_LIFT=2)*((A_FACH>0)*A_FACH*(1+(A_KAPR>0)*((A_FINF*A_FINV+(1-A_FINF)*(ROUNDUP((A_VERB/(A_LUO+(A_LUO=0)*$B17)+(A_MBLG>A_VERB/(A_LUO+(A_LUO=0)*$B17))*(A_MBLG-A_VERB/(A_LUO+(A_LUO=0)*$B17)))/A_MPG_E,0)*A_MPG_E+(A_IST>ROUNDUP((A_VERB/(A_LUO+(A_LUO=0)*$B17)+(A_MBLG>A_VERB/(A_LUO+(A_LUO=0)*$B17))*(A_MBLG-A_VERB/(A_LUO+(A_LUO=0)*$B17)))/A_MPG_E,0)*A_MPG_E)*(A_IST-ROUNDUP((A_VERB/(A_LUO+(A_LUO=0)*$B17)+(A_MBLG>A_VERB/(A_LUO+(A_LUO=0)*$B17))*(A_MBLG-A_VERB/(A_LUO+(A_LUO=0)*$B17)))/A_MPG_E,0)*A_MPG_E)))>A_KAPR)*((A_FINF*A_FINV+(1-A_FINF)*(ROUNDUP((A_VERB/(A_LUO+(A_LUO=0)*$B17)+(A_MBLG>A_VERB/(A_LUO+(A_LUO=0)*$B17))*(A_MBLG-A_VERB/(A_LUO+(A_LUO=0)*$B17)))/A_MPG_E,0)*A_MPG_E+(A_IST>ROUNDUP((A_VERB/(A_LUO+(A_LUO=0)*$B17)+(A_MBLG>A_VERB/(A_LUO+(A_LUO=0)*$B17))*(A_MBLG-A_VERB/(A_LUO+(A_LUO=0)*$B17)))/A_MPG_E,0)*A_MPG_E)*(A_IST-ROUNDUP((A_VERB/(A_LUO+(A_LUO=0)*$B17)+(A_MBLG>A_VERB/(A_LUO+(A_LUO=0)*$B17))*(A_MBLG-A_VERB/(A_LUO+(A_LUO=0)*$B17)))/A_MPG_E,0)*A_MPG_E)))/(A_KAPR+(A_KAPR=0))-1))+(A_FACH=0)*((1-A_LOSE)*(A_GPT>0)*(A_FINF*A_FINN+(1-A_FINF)*(ROUNDUP((A_VERB/(A_LUO+(A_LUO=0)*$B17)+(A_MBLG>A_VERB/(A_LUO+(A_LUO=0)*$B17))*(A_MBLG-A_VERB/(A_LUO+(A_LUO=0)*$B17)))/A_MPG_E,0)+(A_ISTN>ROUNDUP((A_VERB/(A_LUO+(A_LUO=0)*$B17)+(A_MBLG>A_VERB/(A_LUO+(A_LUO=0)*$B17))*(A_MBLG-A_VERB/(A_LUO+(A_LUO=0)*$B17)))/A_MPG_E,0))*(A_ISTN-ROUNDUP((A_VERB/(A_LUO+(A_LUO=0)*$B17)+(A_MBLG>A_VERB/(A_LUO+(A_LUO=0)*$B17))*(A_MBLG-A_VERB/(A_LUO+(A_LUO=0)*$B17)))/A_MPG_E,0))))/(A_GPT+(A_GPT=0))+A_LOSE*((A_FINF*A_FINN+(1-A_FINF)*(ROUNDUP((A_VERB/(A_LUO+(A_LUO=0)*$B17)+(A_MBLG>A_VERB/(A_LUO+(A_LUO=0)*$B17))*(A_MBLG-A_VERB/(A_LUO+(A_LUO=0)*$B17)))/A_MPG_E,0)+(A_ISTN>ROUNDUP((A_VERB/(A_LUO+(A_LUO=0)*$B17)+(A_MBLG>A_VERB/(A_LUO+(A_LUO=0)*$B17))*(A_MBLG-A_VERB/(A_LUO+(A_LUO=0)*$B17)))/A_MPG_E,0))*(A_ISTN-ROUNDUP((A_VERB/(A_LUO+(A_LUO=0)*$B17)+(A_MBLG>A_VERB/(A_LUO+(A_LUO=0)*$B17))*(A_MBLG-A_VERB/(A_LUO+(A_LUO=0)*$B17)))/A_MPG_E,0))))>0)*A_LA*(1+(A_IST>0)*((A_FINF*A_FINN+(1-A_FINF)*(ROUNDUP((A_VERB/(A_LUO+(A_LUO=0)*$B17)+(A_MBLG>A_VERB/(A_LUO+(A_LUO=0)*$B17))*(A_MBLG-A_VERB/(A_LUO+(A_LUO=0)*$B17)))/A_MPG_E,0)+(A_ISTN>ROUNDUP((A_VERB/(A_LUO+(A_LUO=0)*$B17)+(A_MBLG>A_VERB/(A_LUO+(A_LUO=0)*$B17))*(A_MBLG-A_VERB/(A_LUO+(A_LUO=0)*$B17)))/A_MPG_E,0))*(A_ISTN-ROUNDUP((A_VERB/(A_LUO+(A_LUO=0)*$B17)+(A_MBLG>A_VERB/(A_LUO+(A_LUO=0)*$B17))*(A_MBLG-A_VERB/(A_LUO+(A_LUO=0)*$B17)))/A_MPG_E,0))))>A_IST)*((A_FINF*A_FINN+(1-A_FINF)*(ROUNDUP((A_VERB/(A_LUO+(A_LUO=0)*$B17)+(A_MBLG>A_VERB/(A_LUO+(A_LUO=0)*$B17))*(A_MBLG-A_VERB/(A_LUO+(A_LUO=0)*$B17)))/A_MPG_E,0)+(A_ISTN>ROUNDUP((A_VERB/(A_LUO+(A_LUO=0)*$B17)+(A_MBLG>A_VERB/(A_LUO+(A_LUO=0)*$B17))*(A_MBLG-A_VERB/(A_LUO+(A_LUO=0)*$B17)))/A_MPG_E,0))*(A_ISTN-ROUNDUP((A_VERB/(A_LUO+(A_LUO=0)*$B17)+(A_MBLG>A_VERB/(A_LUO+(A_LUO=0)*$B17))*(A_MBLG-A_VERB/(A_LUO+(A_LUO=0)*$B17)))/A_MPG_E,0))))/(A_IST+(A_IST=0))-1)))/MAX(0.1,N(Parameter!$M$21)))) -> 98.840909 | O17: =SUMPRODUCT((A_LIFT=3)*((A_FACH>0)*A_FACH*(1+(A_KAPR>0)*((A_FINF*A_FINV+(1-A_FINF)*(ROUNDUP((A_VERB/(A_LUO+(A_LUO=0)*$B17)+(A_MBLG>A_VERB/(A_LUO+(A_LUO=0)*$B17))*(A_MBLG-A_VERB/(A_LUO+(A_LUO=0)*$B17)))/A_MPG_E,0)*A_MPG_E+(A_IST>ROUNDUP((A_VERB/(A_LUO+(A_LUO=0)*$B17)+(A_MBLG>A_VERB/(A_LUO+(A_LUO=0)*$B17))*(A_MBLG-A_VERB/(A_LUO+(A_LUO=0)*$B17)))/A_MPG_E,0)*A_MPG_E)*(A_IST-ROUNDUP((A_VERB/(A_LUO+(A_LUO=0)*$B17)+(A_MBLG>A_VERB/(A_LUO+(A_LUO=0)*$B17))*(A_MBLG-A_VERB/(A_LUO+(A_LUO=0)*$B17)))/A_MPG_E,0)*A_MPG_E)))>A_KAPR)*((A_FINF*A_FINV+(1-A_FINF)*(ROUNDUP((A_VERB/(A_LUO+(A_LUO=0)*$B17)+(A_MBLG>A_VERB/(A_LUO+(A_LUO=0)*$B17))*(A_MBLG-A_VERB/(A_LUO+(A_LUO=0)*$B17)))/A_MPG_E,0)*A_MPG_E+(A_IST>ROUNDUP((A_VERB/(A_LUO+(A_LUO=0)*$B17)+(A_MBLG>A_VERB/(A_LUO+(A_LUO=0)*$B17))*(A_MBLG-A_VERB/(A_LUO+(A_LUO=0)*$B17)))/A_MPG_E,0)*A_MPG_E)*(A_IST-ROUNDUP((A_VERB/(A_LUO+(A_LUO=0)*$B17)+(A_MBLG>A_VERB/(A_LUO+(A_LUO=0)*$B17))*(A_MBLG-A_VERB/(A_LUO+(A_LUO=0)*$B17)))/A_MPG_E,0)*A_MPG_E)))/(A_KAPR+(A_KAPR=0))-1))+(A_FACH=0)*((1-A_LOSE)*(A_GPT>0)*(A_FINF*A_FINN+(1-A_FINF)*(ROUNDUP((A_VERB/(A_LUO+(A_LUO=0)*$B17)+(A_MBLG>A_VERB/(A_LUO+(A_LUO=0)*$B17))*(A_MBLG-A_VERB/(A_LUO+(A_LUO=0)*$B17)))/A_MPG_E,0)+(A_ISTN>ROUNDUP((A_VERB/(A_LUO+(A_LUO=0)*$B17)+(A_MBLG>A_VERB/(A_LUO+(A_LUO=0)*$B17))*(A_MBLG-A_VERB/(A_LUO+(A_LUO=0)*$B17)))/A_MPG_E,0))*(A_ISTN-ROUNDUP((A_VERB/(A_LUO+(A_LUO=0)*$B17)+(A_MBLG>A_VERB/(A_LUO+(A_LUO=0)*$B17))*(A_MBLG-A_VERB/(A_LUO+(A_LUO=0)*$B17)))/A_MPG_E,0))))/(A_GPT+(A_GPT=0))+A_LOSE*((A_FINF*A_FINN+(1-A_FINF)*(ROUNDUP((A_VERB/(A_LUO+(A_LUO=0)*$B17)+(A_MBLG>A_VERB/(A_LUO+(A_LUO=0)*$B17))*(A_MBLG-A_VERB/(A_LUO+(A_LUO=0)*$B17)))/A_MPG_E,0)+(A_ISTN>ROUNDUP((A_VERB/(A_LUO+(A_LUO=0)*$B17)+(A_MBLG>A_VERB/(A_LUO+(A_LUO=0)*$B17))*(A_MBLG-A_VERB/(A_LUO+(A_LUO=0)*$B17)))/A_MPG_E,0))*(A_ISTN-ROUNDUP((A_VERB/(A_LUO+(A_LUO=0)*$B17)+(A_MBLG>A_VERB/(A_LUO+(A_LUO=0)*$B17))*(A_MBLG-A_VERB/(A_LUO+(A_LUO=0)*$B17)))/A_MPG_E,0))))>0)*A_LA*(1+(A_IST>0)*((A_FINF*A_FINN+(1-A_FINF)*(ROUNDUP((A_VERB/(A_LUO+(A_LUO=0)*$B17)+(A_MBLG>A_VERB/(A_LUO+(A_LUO=0)*$B17))*(A_MBLG-A_VERB/(A_LUO+(A_LUO=0)*$B17)))/A_MPG_E,0)+(A_ISTN>ROUNDUP((A_VERB/(A_LUO+(A_LUO=0)*$B17)+(A_MBLG>A_VERB/(A_LUO+(A_LUO=0)*$B17))*(A_MBLG-A_VERB/(A_LUO+(A_LUO=0)*$B17)))/A_MPG_E,0))*(A_ISTN-ROUNDUP((A_VERB/(A_LUO+(A_LUO=0)*$B17)+(A_MBLG>A_VERB/(A_LUO+(A_LUO=0)*$B17))*(A_MBLG-A_VERB/(A_LUO+(A_LUO=0)*$B17)))/A_MPG_E,0))))>A_IST)*((A_FINF*A_FINN+(1-A_FINF)*(ROUNDUP((A_VERB/(A_LUO+(A_LUO=0)*$B17)+(A_MBLG>A_VERB/(A_LUO+(A_LUO=0)*$B17))*(A_MBLG-A_VERB/(A_LUO+(A_LUO=0)*$B17)))/A_MPG_E,0)+(A_ISTN>ROUNDUP((A_VERB/(A_LUO+(A_LUO=0)*$B17)+(A_MBLG>A_VERB/(A_LUO+(A_LUO=0)*$B17))*(A_MBLG-A_VERB/(A_LUO+(A_LUO=0)*$B17)))/A_MPG_E,0))*(A_ISTN-ROUNDUP((A_VERB/(A_LUO+(A_LUO=0)*$B17)+(A_MBLG>A_VERB/(A_LUO+(A_LUO=0)*$B17))*(A_MBLG-A_VERB/(A_LUO+(A_LUO=0)*$B17)))/A_MPG_E,0))))/(A_IST+(A_IST=0))-1)))/MAX(0.1,N(Parameter!$M$21)))) -> 38.399826 | P17: =SUMPRODUCT((A_LIFT="Aussen")*((A_FACH>0)*A_FACH*(1+(A_KAPR>0)*((A_FINF*A_FINV+(1-A_FINF)*(ROUNDUP((A_VERB/(A_LUO+(A_LUO=0)*$B17)+(A_MBLG>A_VERB/(A_LUO+(A_LUO=0)*$B17))*(A_MBLG-A_VERB/(A_LUO+(A_LUO=0)*$B17)))/A_MPG_E,0)*A_MPG_E+(A_IST>ROUNDUP((A_VERB/(A_LUO+(A_LUO=0)*$B17)+(A_MBLG>A_VERB/(A_LUO+(A_LUO=0)*$B17))*(A_MBLG-A_VERB/(A_LUO+(A_LUO=0)*$B17)))/A_MPG_E,0)*A_MPG_E)*(A_IST-ROUNDUP((A_VERB/(A_LUO+(A_LUO=0)*$B17)+(A_MBLG>A_VERB/(A_LUO+(A_LUO=0)*$B17))*(A_MBLG-A_VERB/(A_LUO+(A_LUO=0)*$B17)))/A_MPG_E,0)*A_MPG_E)))>A_KAPR)*((A_FINF*A_FINV+(1-A_FINF)*(ROUNDUP((A_VERB/(A_LUO+(A_LUO=0)*$B17)+(A_MBLG>A_VERB/(A_LUO+(A_LUO=0)*$B17))*(A_MBLG-A_VERB/(A_LUO+(A_LUO=0)*$B17)))/A_MPG_E,0)*A_MPG_E+(A_IST>ROUNDUP((A_VERB/(A_LUO+(A_LUO=0)*$B17)+(A_MBLG>A_VERB/(A_LUO+(A_LUO=0)*$B17))*(A_MBLG-A_VERB/(A_LUO+(A_LUO=0)*$B17)))/A_MPG_E,0)*A_MPG_E)*(A_IST-ROUNDUP((A_VERB/(A_LUO+(A_LUO=0)*$B17)+(A_MBLG>A_VERB/(A_LUO+(A_LUO=0)*$B17))*(A_MBLG-A_VERB/(A_LUO+(A_LUO=0)*$B17)))/A_MPG_E,0)*A_MPG_E)))/(A_KAPR+(A_KAPR=0))-1))+(A_FACH=0)*((1-A_LOSE)*(A_GPT>0)*(A_FINF*A_FINN+(1-A_FINF)*(ROUNDUP((A_VERB/(A_LUO+(A_LUO=0)*$B17)+(A_MBLG>A_VERB/(A_LUO+(A_LUO=0)*$B17))*(A_MBLG-A_VERB/(A_LUO+(A_LUO=0)*$B17)))/A_MPG_E,0)+(A_ISTN>ROUNDUP((A_VERB/(A_LUO+(A_LUO=0)*$B17)+(A_MBLG>A_VERB/(A_LUO+(A_LUO=0)*$B17))*(A_MBLG-A_VERB/(A_LUO+(A_LUO=0)*$B17)))/A_MPG_E,0))*(A_ISTN-ROUNDUP((A_VERB/(A_LUO+(A_LUO=0)*$B17)+(A_MBLG>A_VERB/(A_LUO+(A_LUO=0)*$B17))*(A_MBLG-A_VERB/(A_LUO+(A_LUO=0)*$B17)))/A_MPG_E,0))))/(A_GPT+(A_GPT=0))+A_LOSE*((A_FINF*A_FINN+(1-A_FINF)*(ROUNDUP((A_VERB/(A_LUO+(A_LUO=0)*$B17)+(A_MBLG>A_VERB/(A_LUO+(A_LUO=0)*$B17))*(A_MBLG-A_VERB/(A_LUO+(A_LUO=0)*$B17)))/A_MPG_E,0)+(A_ISTN>ROUNDUP((A_VERB/(A_LUO+(A_LUO=0)*$B17)+(A_MBLG>A_VERB/(A_LUO+(A_LUO=0)*$B17))*(A_MBLG-A_VERB/(A_LUO+(A_LUO=0)*$B17)))/A_MPG_E,0))*(A_ISTN-ROUNDUP((A_VERB/(A_LUO+(A_LUO=0)*$B17)+(A_MBLG>A_VERB/(A_LUO+(A_LUO=0)*$B17))*(A_MBLG-A_VERB/(A_LUO+(A_LUO=0)*$B17)))/A_MPG_E,0))))>0)*A_LA*(1+(A_IST>0)*((A_FINF*A_FINN+(1-A_FINF)*(ROUNDUP((A_VERB/(A_LUO+(A_LUO=0)*$B17)+(A_MBLG>A_VERB/(A_LUO+(A_LUO=0)*$B17))*(A_MBLG-A_VERB/(A_LUO+(A_LUO=0)*$B17)))/A_MPG_E,0)+(A_ISTN>ROUNDUP((A_VERB/(A_LUO+(A_LUO=0)*$B17)+(A_MBLG>A_VERB/(A_LUO+(A_LUO=0)*$B17))*(A_MBLG-A_VERB/(A_LUO+(A_LUO=0)*$B17)))/A_MPG_E,0))*(A_ISTN-ROUNDUP((A_VERB/(A_LUO+(A_LUO=0)*$B17)+(A_MBLG>A_VERB/(A_LUO+(A_LUO=0)*$B17))*(A_MBLG-A_VERB/(A_LUO+(A_LUO=0)*$B17)))/A_MPG_E,0))))>A_IST)*((A_FINF*A_FINN+(1-A_FINF)*(ROUNDUP((A_VERB/(A_LUO+(A_LUO=0)*$B17)+(A_MBLG>A_VERB/(A_LUO+(A_LUO=0)*$B17))*(A_MBLG-A_VERB/(A_LUO+(A_LUO=0)*$B17)))/A_MPG_E,0)+(A_ISTN>ROUNDUP((A_VERB/(A_LUO+(A_LUO=0)*$B17)+(A_MBLG>A_VERB/(A_LUO+(A_LUO=0)*$B17))*(A_MBLG-A_VERB/(A_LUO+(A_LUO=0)*$B17)))/A_MPG_E,0))*(A_ISTN-ROUNDUP((A_VERB/(A_LUO+(A_LUO=0)*$B17)+(A_MBLG>A_VERB/(A_LUO+(A_LUO=0)*$B17))*(A_MBLG-A_VERB/(A_LUO+(A_LUO=0)*$B17)))/A_MPG_E,0))))/(A_IST+(A_IST=0))-1)))/MAX(0.1,N(Parameter!$M$21)))) -> 0
A18: C – Ziel-LU oder Ist | B18: =Parameter!$A$27 -> 3 | C18: =M18/Parameter!$E$5 -> 1.2931972 | D18: =N18/Parameter!$E$6 -> 1.9001515 | E18: =O18/Parameter!$E$7 -> 0.76138813 | F18: =(N18+O18)/(Parameter!$E$6+Parameter!$E$7) -> 1.3307698 | G18: =(M18+N18+O18)/Parameter!$E$8 -> 1.3182456 | H18: =IF(AND(M18<=Parameter!$E$5,N18+O18<=Parameter!$E$6+Parameter!$E$7),"JA","NEIN") -> NEIN | I18: =MAX(0,M18-Parameter!$E$5)+MAX(0,N18+O18-Parameter!$E$6-Parameter!$E$7)+P18 -> 47.736843 | J18: =SUMPRODUCT((A_FINF*A_FINV+(1-A_FINF)*(ROUNDUP((A_VERB/(A_LUO+(A_LUO=0)*$B18)+(A_MBLG>A_VERB/(A_LUO+(A_LUO=0)*$B18))*(A_MBLG-A_VERB/(A_LUO+(A_LUO=0)*$B18)))/A_MPG_E,0)*A_MPG_E+(A_IST>ROUNDUP((A_VERB/(A_LUO+(A_LUO=0)*$B18)+(A_MBLG>A_VERB/(A_LUO+(A_LUO=0)*$B18))*(A_MBLG-A_VERB/(A_LUO+(A_LUO=0)*$B18)))/A_MPG_E,0)*A_MPG_E)*(A_IST-ROUNDUP((A_VERB/(A_LUO+(A_LUO=0)*$B18)+(A_MBLG>A_VERB/(A_LUO+(A_LUO=0)*$B18))*(A_MBLG-A_VERB/(A_LUO+(A_LUO=0)*$B18)))/A_MPG_E,0)*A_MPG_E)))*A_PREIS) -> 6965579.7 | K18: =J18-$J$5 -> 3514533.5 | L18: =(M18+N18+O18+P18)-($M$5+$N$5+$O$5+$P$5) -> 46.822254 | M18: =SUMPRODUCT((A_LIFT=1)*((A_FACH>0)*A_FACH*(1+(A_KAPR>0)*((A_FINF*A_FINV+(1-A_FINF)*(ROUNDUP((A_VERB/(A_LUO+(A_LUO=0)*$B18)+(A_MBLG>A_VERB/(A_LUO+(A_LUO=0)*$B18))*(A_MBLG-A_VERB/(A_LUO+(A_LUO=0)*$B18)))/A_MPG_E,0)*A_MPG_E+(A_IST>ROUNDUP((A_VERB/(A_LUO+(A_LUO=0)*$B18)+(A_MBLG>A_VERB/(A_LUO+(A_LUO=0)*$B18))*(A_MBLG-A_VERB/(A_LUO+(A_LUO=0)*$B18)))/A_MPG_E,0)*A_MPG_E)*(A_IST-ROUNDUP((A_VERB/(A_LUO+(A_LUO=0)*$B18)+(A_MBLG>A_VERB/(A_LUO+(A_LUO=0)*$B18))*(A_MBLG-A_VERB/(A_LUO+(A_LUO=0)*$B18)))/A_MPG_E,0)*A_MPG_E)))>A_KAPR)*((A_FINF*A_FINV+(1-A_FINF)*(ROUNDUP((A_VERB/(A_LUO+(A_LUO=0)*$B18)+(A_MBLG>A_VERB/(A_LUO+(A_LUO=0)*$B18))*(A_MBLG-A_VERB/(A_LUO+(A_LUO=0)*$B18)))/A_MPG_E,0)*A_MPG_E+(A_IST>ROUNDUP((A_VERB/(A_LUO+(A_LUO=0)*$B18)+(A_MBLG>A_VERB/(A_LUO+(A_LUO=0)*$B18))*(A_MBLG-A_VERB/(A_LUO+(A_LUO=0)*$B18)))/A_MPG_E,0)*A_MPG_E)*(A_IST-ROUNDUP((A_VERB/(A_LUO+(A_LUO=0)*$B18)+(A_MBLG>A_VERB/(A_LUO+(A_LUO=0)*$B18))*(A_MBLG-A_VERB/(A_LUO+(A_LUO=0)*$B18)))/A_MPG_E,0)*A_MPG_E)))/(A_KAPR+(A_KAPR=0))-1))+(A_FACH=0)*((1-A_LOSE)*(A_GPT>0)*(A_FINF*A_FINN+(1-A_FINF)*(ROUNDUP((A_VERB/(A_LUO+(A_LUO=0)*$B18)+(A_MBLG>A_VERB/(A_LUO+(A_LUO=0)*$B18))*(A_MBLG-A_VERB/(A_LUO+(A_LUO=0)*$B18)))/A_MPG_E,0)+(A_ISTN>ROUNDUP((A_VERB/(A_LUO+(A_LUO=0)*$B18)+(A_MBLG>A_VERB/(A_LUO+(A_LUO=0)*$B18))*(A_MBLG-A_VERB/(A_LUO+(A_LUO=0)*$B18)))/A_MPG_E,0))*(A_ISTN-ROUNDUP((A_VERB/(A_LUO+(A_LUO=0)*$B18)+(A_MBLG>A_VERB/(A_LUO+(A_LUO=0)*$B18))*(A_MBLG-A_VERB/(A_LUO+(A_LUO=0)*$B18)))/A_MPG_E,0))))/(A_GPT+(A_GPT=0))+A_LOSE*((A_FINF*A_FINN+(1-A_FINF)*(ROUNDUP((A_VERB/(A_LUO+(A_LUO=0)*$B18)+(A_MBLG>A_VERB/(A_LUO+(A_LUO=0)*$B18))*(A_MBLG-A_VERB/(A_LUO+(A_LUO=0)*$B18)))/A_MPG_E,0)+(A_ISTN>ROUNDUP((A_VERB/(A_LUO+(A_LUO=0)*$B18)+(A_MBLG>A_VERB/(A_LUO+(A_LUO=0)*$B18))*(A_MBLG-A_VERB/(A_LUO+(A_LUO=0)*$B18)))/A_MPG_E,0))*(A_ISTN-ROUNDUP((A_VERB/(A_LUO+(A_LUO=0)*$B18)+(A_MBLG>A_VERB/(A_LUO+(A_LUO=0)*$B18))*(A_MBLG-A_VERB/(A_LUO+(A_LUO=0)*$B18)))/A_MPG_E,0))))>0)*A_LA*(1+(A_IST>0)*((A_FINF*A_FINN+(1-A_FINF)*(ROUNDUP((A_VERB/(A_LUO+(A_LUO=0)*$B18)+(A_MBLG>A_VERB/(A_LUO+(A_LUO=0)*$B18))*(A_MBLG-A_VERB/(A_LUO+(A_LUO=0)*$B18)))/A_MPG_E,0)+(A_ISTN>ROUNDUP((A_VERB/(A_LUO+(A_LUO=0)*$B18)+(A_MBLG>A_VERB/(A_LUO+(A_LUO=0)*$B18))*(A_MBLG-A_VERB/(A_LUO+(A_LUO=0)*$B18)))/A_MPG_E,0))*(A_ISTN-ROUNDUP((A_VERB/(A_LUO+(A_LUO=0)*$B18)+(A_MBLG>A_VERB/(A_LUO+(A_LUO=0)*$B18))*(A_MBLG-A_VERB/(A_LUO+(A_LUO=0)*$B18)))/A_MPG_E,0))))>A_IST)*((A_FINF*A_FINN+(1-A_FINF)*(ROUNDUP((A_VERB/(A_LUO+(A_LUO=0)*$B18)+(A_MBLG>A_VERB/(A_LUO+(A_LUO=0)*$B18))*(A_MBLG-A_VERB/(A_LUO+(A_LUO=0)*$B18)))/A_MPG_E,0)+(A_ISTN>ROUNDUP((A_VERB/(A_LUO+(A_LUO=0)*$B18)+(A_MBLG>A_VERB/(A_LUO+(A_LUO=0)*$B18))*(A_MBLG-A_VERB/(A_LUO+(A_LUO=0)*$B18)))/A_MPG_E,0))*(A_ISTN-ROUNDUP((A_VERB/(A_LUO+(A_LUO=0)*$B18)+(A_MBLG>A_VERB/(A_LUO+(A_LUO=0)*$B18))*(A_MBLG-A_VERB/(A_LUO+(A_LUO=0)*$B18)))/A_MPG_E,0))))/(A_IST+(A_IST=0))-1)))/MAX(0.1,N(Parameter!$M$21)))) -> 64.659861 | N18: =SUMPRODUCT((A_LIFT=2)*((A_FACH>0)*A_FACH*(1+(A_KAPR>0)*((A_FINF*A_FINV+(1-A_FINF)*(ROUNDUP((A_VERB/(A_LUO+(A_LUO=0)*$B18)+(A_MBLG>A_VERB/(A_LUO+(A_LUO=0)*$B18))*(A_MBLG-A_VERB/(A_LUO+(A_LUO=0)*$B18)))/A_MPG_E,0)*A_MPG_E+(A_IST>ROUNDUP((A_VERB/(A_LUO+(A_LUO=0)*$B18)+(A_MBLG>A_VERB/(A_LUO+(A_LUO=0)*$B18))*(A_MBLG-A_VERB/(A_LUO+(A_LUO=0)*$B18)))/A_MPG_E,0)*A_MPG_E)*(A_IST-ROUNDUP((A_VERB/(A_LUO+(A_LUO=0)*$B18)+(A_MBLG>A_VERB/(A_LUO+(A_LUO=0)*$B18))*(A_MBLG-A_VERB/(A_LUO+(A_LUO=0)*$B18)))/A_MPG_E,0)*A_MPG_E)))>A_KAPR)*((A_FINF*A_FINV+(1-A_FINF)*(ROUNDUP((A_VERB/(A_LUO+(A_LUO=0)*$B18)+(A_MBLG>A_VERB/(A_LUO+(A_LUO=0)*$B18))*(A_MBLG-A_VERB/(A_LUO+(A_LUO=0)*$B18)))/A_MPG_E,0)*A_MPG_E+(A_IST>ROUNDUP((A_VERB/(A_LUO+(A_LUO=0)*$B18)+(A_MBLG>A_VERB/(A_LUO+(A_LUO=0)*$B18))*(A_MBLG-A_VERB/(A_LUO+(A_LUO=0)*$B18)))/A_MPG_E,0)*A_MPG_E)*(A_IST-ROUNDUP((A_VERB/(A_LUO+(A_LUO=0)*$B18)+(A_MBLG>A_VERB/(A_LUO+(A_LUO=0)*$B18))*(A_MBLG-A_VERB/(A_LUO+(A_LUO=0)*$B18)))/A_MPG_E,0)*A_MPG_E)))/(A_KAPR+(A_KAPR=0))-1))+(A_FACH=0)*((1-A_LOSE)*(A_GPT>0)*(A_FINF*A_FINN+(1-A_FINF)*(ROUNDUP((A_VERB/(A_LUO+(A_LUO=0)*$B18)+(A_MBLG>A_VERB/(A_LUO+(A_LUO=0)*$B18))*(A_MBLG-A_VERB/(A_LUO+(A_LUO=0)*$B18)))/A_MPG_E,0)+(A_ISTN>ROUNDUP((A_VERB/(A_LUO+(A_LUO=0)*$B18)+(A_MBLG>A_VERB/(A_LUO+(A_LUO=0)*$B18))*(A_MBLG-A_VERB/(A_LUO+(A_LUO=0)*$B18)))/A_MPG_E,0))*(A_ISTN-ROUNDUP((A_VERB/(A_LUO+(A_LUO=0)*$B18)+(A_MBLG>A_VERB/(A_LUO+(A_LUO=0)*$B18))*(A_MBLG-A_VERB/(A_LUO+(A_LUO=0)*$B18)))/A_MPG_E,0))))/(A_GPT+(A_GPT=0))+A_LOSE*((A_FINF*A_FINN+(1-A_FINF)*(ROUNDUP((A_VERB/(A_LUO+(A_LUO=0)*$B18)+(A_MBLG>A_VERB/(A_LUO+(A_LUO=0)*$B18))*(A_MBLG-A_VERB/(A_LUO+(A_LUO=0)*$B18)))/A_MPG_E,0)+(A_ISTN>ROUNDUP((A_VERB/(A_LUO+(A_LUO=0)*$B18)+(A_MBLG>A_VERB/(A_LUO+(A_LUO=0)*$B18))*(A_MBLG-A_VERB/(A_LUO+(A_LUO=0)*$B18)))/A_MPG_E,0))*(A_ISTN-ROUNDUP((A_VERB/(A_LUO+(A_LUO=0)*$B18)+(A_MBLG>A_VERB/(A_LUO+(A_LUO=0)*$B18))*(A_MBLG-A_VERB/(A_LUO+(A_LUO=0)*$B18)))/A_MPG_E,0))))>0)*A_LA*(1+(A_IST>0)*((A_FINF*A_FINN+(1-A_FINF)*(ROUNDUP((A_VERB/(A_LUO+(A_LUO=0)*$B18)+(A_MBLG>A_VERB/(A_LUO+(A_LUO=0)*$B18))*(A_MBLG-A_VERB/(A_LUO+(A_LUO=0)*$B18)))/A_MPG_E,0)+(A_ISTN>ROUNDUP((A_VERB/(A_LUO+(A_LUO=0)*$B18)+(A_MBLG>A_VERB/(A_LUO+(A_LUO=0)*$B18))*(A_MBLG-A_VERB/(A_LUO+(A_LUO=0)*$B18)))/A_MPG_E,0))*(A_ISTN-ROUNDUP((A_VERB/(A_LUO+(A_LUO=0)*$B18)+(A_MBLG>A_VERB/(A_LUO+(A_LUO=0)*$B18))*(A_MBLG-A_VERB/(A_LUO+(A_LUO=0)*$B18)))/A_MPG_E,0))))>A_IST)*((A_FINF*A_FINN+(1-A_FINF)*(ROUNDUP((A_VERB/(A_LUO+(A_LUO=0)*$B18)+(A_MBLG>A_VERB/(A_LUO+(A_LUO=0)*$B18))*(A_MBLG-A_VERB/(A_LUO+(A_LUO=0)*$B18)))/A_MPG_E,0)+(A_ISTN>ROUNDUP((A_VERB/(A_LUO+(A_LUO=0)*$B18)+(A_MBLG>A_VERB/(A_LUO+(A_LUO=0)*$B18))*(A_MBLG-A_VERB/(A_LUO+(A_LUO=0)*$B18)))/A_MPG_E,0))*(A_ISTN-ROUNDUP((A_VERB/(A_LUO+(A_LUO=0)*$B18)+(A_MBLG>A_VERB/(A_LUO+(A_LUO=0)*$B18))*(A_MBLG-A_VERB/(A_LUO+(A_LUO=0)*$B18)))/A_MPG_E,0))))/(A_IST+(A_IST=0))-1)))/MAX(0.1,N(Parameter!$M$21)))) -> 95.007576 | O18: =SUMPRODUCT((A_LIFT=3)*((A_FACH>0)*A_FACH*(1+(A_KAPR>0)*((A_FINF*A_FINV+(1-A_FINF)*(ROUNDUP((A_VERB/(A_LUO+(A_LUO=0)*$B18)+(A_MBLG>A_VERB/(A_LUO+(A_LUO=0)*$B18))*(A_MBLG-A_VERB/(A_LUO+(A_LUO=0)*$B18)))/A_MPG_E,0)*A_MPG_E+(A_IST>ROUNDUP((A_VERB/(A_LUO+(A_LUO=0)*$B18)+(A_MBLG>A_VERB/(A_LUO+(A_LUO=0)*$B18))*(A_MBLG-A_VERB/(A_LUO+(A_LUO=0)*$B18)))/A_MPG_E,0)*A_MPG_E)*(A_IST-ROUNDUP((A_VERB/(A_LUO+(A_LUO=0)*$B18)+(A_MBLG>A_VERB/(A_LUO+(A_LUO=0)*$B18))*(A_MBLG-A_VERB/(A_LUO+(A_LUO=0)*$B18)))/A_MPG_E,0)*A_MPG_E)))>A_KAPR)*((A_FINF*A_FINV+(1-A_FINF)*(ROUNDUP((A_VERB/(A_LUO+(A_LUO=0)*$B18)+(A_MBLG>A_VERB/(A_LUO+(A_LUO=0)*$B18))*(A_MBLG-A_VERB/(A_LUO+(A_LUO=0)*$B18)))/A_MPG_E,0)*A_MPG_E+(A_IST>ROUNDUP((A_VERB/(A_LUO+(A_LUO=0)*$B18)+(A_MBLG>A_VERB/(A_LUO+(A_LUO=0)*$B18))*(A_MBLG-A_VERB/(A_LUO+(A_LUO=0)*$B18)))/A_MPG_E,0)*A_MPG_E)*(A_IST-ROUNDUP((A_VERB/(A_LUO+(A_LUO=0)*$B18)+(A_MBLG>A_VERB/(A_LUO+(A_LUO=0)*$B18))*(A_MBLG-A_VERB/(A_LUO+(A_LUO=0)*$B18)))/A_MPG_E,0)*A_MPG_E)))/(A_KAPR+(A_KAPR=0))-1))+(A_FACH=0)*((1-A_LOSE)*(A_GPT>0)*(A_FINF*A_FINN+(1-A_FINF)*(ROUNDUP((A_VERB/(A_LUO+(A_LUO=0)*$B18)+(A_MBLG>A_VERB/(A_LUO+(A_LUO=0)*$B18))*(A_MBLG-A_VERB/(A_LUO+(A_LUO=0)*$B18)))/A_MPG_E,0)+(A_ISTN>ROUNDUP((A_VERB/(A_LUO+(A_LUO=0)*$B18)+(A_MBLG>A_VERB/(A_LUO+(A_LUO=0)*$B18))*(A_MBLG-A_VERB/(A_LUO+(A_LUO=0)*$B18)))/A_MPG_E,0))*(A_ISTN-ROUNDUP((A_VERB/(A_LUO+(A_LUO=0)*$B18)+(A_MBLG>A_VERB/(A_LUO+(A_LUO=0)*$B18))*(A_MBLG-A_VERB/(A_LUO+(A_LUO=0)*$B18)))/A_MPG_E,0))))/(A_GPT+(A_GPT=0))+A_LOSE*((A_FINF*A_FINN+(1-A_FINF)*(ROUNDUP((A_VERB/(A_LUO+(A_LUO=0)*$B18)+(A_MBLG>A_VERB/(A_LUO+(A_LUO=0)*$B18))*(A_MBLG-A_VERB/(A_LUO+(A_LUO=0)*$B18)))/A_MPG_E,0)+(A_ISTN>ROUNDUP((A_VERB/(A_LUO+(A_LUO=0)*$B18)+(A_MBLG>A_VERB/(A_LUO+(A_LUO=0)*$B18))*(A_MBLG-A_VERB/(A_LUO+(A_LUO=0)*$B18)))/A_MPG_E,0))*(A_ISTN-ROUNDUP((A_VERB/(A_LUO+(A_LUO=0)*$B18)+(A_MBLG>A_VERB/(A_LUO+(A_LUO=0)*$B18))*(A_MBLG-A_VERB/(A_LUO+(A_LUO=0)*$B18)))/A_MPG_E,0))))>0)*A_LA*(1+(A_IST>0)*((A_FINF*A_FINN+(1-A_FINF)*(ROUNDUP((A_VERB/(A_LUO+(A_LUO=0)*$B18)+(A_MBLG>A_VERB/(A_LUO+(A_LUO=0)*$B18))*(A_MBLG-A_VERB/(A_LUO+(A_LUO=0)*$B18)))/A_MPG_E,0)+(A_ISTN>ROUNDUP((A_VERB/(A_LUO+(A_LUO=0)*$B18)+(A_MBLG>A_VERB/(A_LUO+(A_LUO=0)*$B18))*(A_MBLG-A_VERB/(A_LUO+(A_LUO=0)*$B18)))/A_MPG_E,0))*(A_ISTN-ROUNDUP((A_VERB/(A_LUO+(A_LUO=0)*$B18)+(A_MBLG>A_VERB/(A_LUO+(A_LUO=0)*$B18))*(A_MBLG-A_VERB/(A_LUO+(A_LUO=0)*$B18)))/A_MPG_E,0))))>A_IST)*((A_FINF*A_FINN+(1-A_FINF)*(ROUNDUP((A_VERB/(A_LUO+(A_LUO=0)*$B18)+(A_MBLG>A_VERB/(A_LUO+(A_LUO=0)*$B18))*(A_MBLG-A_VERB/(A_LUO+(A_LUO=0)*$B18)))/A_MPG_E,0)+(A_ISTN>ROUNDUP((A_VERB/(A_LUO+(A_LUO=0)*$B18)+(A_MBLG>A_VERB/(A_LUO+(A_LUO=0)*$B18))*(A_MBLG-A_VERB/(A_LUO+(A_LUO=0)*$B18)))/A_MPG_E,0))*(A_ISTN-ROUNDUP((A_VERB/(A_LUO+(A_LUO=0)*$B18)+(A_MBLG>A_VERB/(A_LUO+(A_LUO=0)*$B18))*(A_MBLG-A_VERB/(A_LUO+(A_LUO=0)*$B18)))/A_MPG_E,0))))/(A_IST+(A_IST=0))-1)))/MAX(0.1,N(Parameter!$M$21)))) -> 38.069406 | P18: =SUMPRODUCT((A_LIFT="Aussen")*((A_FACH>0)*A_FACH*(1+(A_KAPR>0)*((A_FINF*A_FINV+(1-A_FINF)*(ROUNDUP((A_VERB/(A_LUO+(A_LUO=0)*$B18)+(A_MBLG>A_VERB/(A_LUO+(A_LUO=0)*$B18))*(A_MBLG-A_VERB/(A_LUO+(A_LUO=0)*$B18)))/A_MPG_E,0)*A_MPG_E+(A_IST>ROUNDUP((A_VERB/(A_LUO+(A_LUO=0)*$B18)+(A_MBLG>A_VERB/(A_LUO+(A_LUO=0)*$B18))*(A_MBLG-A_VERB/(A_LUO+(A_LUO=0)*$B18)))/A_MPG_E,0)*A_MPG_E)*(A_IST-ROUNDUP((A_VERB/(A_LUO+(A_LUO=0)*$B18)+(A_MBLG>A_VERB/(A_LUO+(A_LUO=0)*$B18))*(A_MBLG-A_VERB/(A_LUO+(A_LUO=0)*$B18)))/A_MPG_E,0)*A_MPG_E)))>A_KAPR)*((A_FINF*A_FINV+(1-A_FINF)*(ROUNDUP((A_VERB/(A_LUO+(A_LUO=0)*$B18)+(A_MBLG>A_VERB/(A_LUO+(A_LUO=0)*$B18))*(A_MBLG-A_VERB/(A_LUO+(A_LUO=0)*$B18)))/A_MPG_E,0)*A_MPG_E+(A_IST>ROUNDUP((A_VERB/(A_LUO+(A_LUO=0)*$B18)+(A_MBLG>A_VERB/(A_LUO+(A_LUO=0)*$B18))*(A_MBLG-A_VERB/(A_LUO+(A_LUO=0)*$B18)))/A_MPG_E,0)*A_MPG_E)*(A_IST-ROUNDUP((A_VERB/(A_LUO+(A_LUO=0)*$B18)+(A_MBLG>A_VERB/(A_LUO+(A_LUO=0)*$B18))*(A_MBLG-A_VERB/(A_LUO+(A_LUO=0)*$B18)))/A_MPG_E,0)*A_MPG_E)))/(A_KAPR+(A_KAPR=0))-1))+(A_FACH=0)*((1-A_LOSE)*(A_GPT>0)*(A_FINF*A_FINN+(1-A_FINF)*(ROUNDUP((A_VERB/(A_LUO+(A_LUO=0)*$B18)+(A_MBLG>A_VERB/(A_LUO+(A_LUO=0)*$B18))*(A_MBLG-A_VERB/(A_LUO+(A_LUO=0)*$B18)))/A_MPG_E,0)+(A_ISTN>ROUNDUP((A_VERB/(A_LUO+(A_LUO=0)*$B18)+(A_MBLG>A_VERB/(A_LUO+(A_LUO=0)*$B18))*(A_MBLG-A_VERB/(A_LUO+(A_LUO=0)*$B18)))/A_MPG_E,0))*(A_ISTN-ROUNDUP((A_VERB/(A_LUO+(A_LUO=0)*$B18)+(A_MBLG>A_VERB/(A_LUO+(A_LUO=0)*$B18))*(A_MBLG-A_VERB/(A_LUO+(A_LUO=0)*$B18)))/A_MPG_E,0))))/(A_GPT+(A_GPT=0))+A_LOSE*((A_FINF*A_FINN+(1-A_FINF)*(ROUNDUP((A_VERB/(A_LUO+(A_LUO=0)*$B18)+(A_MBLG>A_VERB/(A_LUO+(A_LUO=0)*$B18))*(A_MBLG-A_VERB/(A_LUO+(A_LUO=0)*$B18)))/A_MPG_E,0)+(A_ISTN>ROUNDUP((A_VERB/(A_LUO+(A_LUO=0)*$B18)+(A_MBLG>A_VERB/(A_LUO+(A_LUO=0)*$B18))*(A_MBLG-A_VERB/(A_LUO+(A_LUO=0)*$B18)))/A_MPG_E,0))*(A_ISTN-ROUNDUP((A_VERB/(A_LUO+(A_LUO=0)*$B18)+(A_MBLG>A_VERB/(A_LUO+(A_LUO=0)*$B18))*(A_MBLG-A_VERB/(A_LUO+(A_LUO=0)*$B18)))/A_MPG_E,0))))>0)*A_LA*(1+(A_IST>0)*((A_FINF*A_FINN+(1-A_FINF)*(ROUNDUP((A_VERB/(A_LUO+(A_LUO=0)*$B18)+(A_MBLG>A_VERB/(A_LUO+(A_LUO=0)*$B18))*(A_MBLG-A_VERB/(A_LUO+(A_LUO=0)*$B18)))/A_MPG_E,0)+(A_ISTN>ROUNDUP((A_VERB/(A_LUO+(A_LUO=0)*$B18)+(A_MBLG>A_VERB/(A_LUO+(A_LUO=0)*$B18))*(A_MBLG-A_VERB/(A_LUO+(A_LUO=0)*$B18)))/A_MPG_E,0))*(A_ISTN-ROUNDUP((A_VERB/(A_LUO+(A_LUO=0)*$B18)+(A_MBLG>A_VERB/(A_LUO+(A_LUO=0)*$B18))*(A_MBLG-A_VERB/(A_LUO+(A_LUO=0)*$B18)))/A_MPG_E,0))))>A_IST)*((A_FINF*A_FINN+(1-A_FINF)*(ROUNDUP((A_VERB/(A_LUO+(A_LUO=0)*$B18)+(A_MBLG>A_VERB/(A_LUO+(A_LUO=0)*$B18))*(A_MBLG-A_VERB/(A_LUO+(A_LUO=0)*$B18)))/A_MPG_E,0)+(A_ISTN>ROUNDUP((A_VERB/(A_LUO+(A_LUO=0)*$B18)+(A_MBLG>A_VERB/(A_LUO+(A_LUO=0)*$B18))*(A_MBLG-A_VERB/(A_LUO+(A_LUO=0)*$B18)))/A_MPG_E,0))*(A_ISTN-ROUNDUP((A_VERB/(A_LUO+(A_LUO=0)*$B18)+(A_MBLG>A_VERB/(A_LUO+(A_LUO=0)*$B18))*(A_MBLG-A_VERB/(A_LUO+(A_LUO=0)*$B18)))/A_MPG_E,0))))/(A_IST+(A_IST=0))-1)))/MAX(0.1,N(Parameter!$M$21)))) -> 0
A19: C – Ziel-LU oder Ist | B19: =Parameter!$A$28 -> 4 | C19: =M19/Parameter!$E$5 -> 1.2539223 | D19: =N19/Parameter!$E$6 -> 1.8284848 | E19: =O19/Parameter!$E$7 -> 0.7510851 | F19: =(N19+O19)/(Parameter!$E$6+Parameter!$E$7) -> 1.289785 | G19: =(M19+N19+O19)/Parameter!$E$8 -> 1.2778307 | H19: =IF(AND(M19<=Parameter!$E$5,N19+O19<=Parameter!$E$6+Parameter!$E$7),"JA","NEIN") -> NEIN | I19: =MAX(0,M19-Parameter!$E$5)+MAX(0,N19+O19-Parameter!$E$6-Parameter!$E$7)+P19 -> 41.674611 | J19: =SUMPRODUCT((A_FINF*A_FINV+(1-A_FINF)*(ROUNDUP((A_VERB/(A_LUO+(A_LUO=0)*$B19)+(A_MBLG>A_VERB/(A_LUO+(A_LUO=0)*$B19))*(A_MBLG-A_VERB/(A_LUO+(A_LUO=0)*$B19)))/A_MPG_E,0)*A_MPG_E+(A_IST>ROUNDUP((A_VERB/(A_LUO+(A_LUO=0)*$B19)+(A_MBLG>A_VERB/(A_LUO+(A_LUO=0)*$B19))*(A_MBLG-A_VERB/(A_LUO+(A_LUO=0)*$B19)))/A_MPG_E,0)*A_MPG_E)*(A_IST-ROUNDUP((A_VERB/(A_LUO+(A_LUO=0)*$B19)+(A_MBLG>A_VERB/(A_LUO+(A_LUO=0)*$B19))*(A_MBLG-A_VERB/(A_LUO+(A_LUO=0)*$B19)))/A_MPG_E,0)*A_MPG_E)))*A_PREIS) -> 6562129.5 | K19: =J19-$J$5 -> 3111083.3 | L19: =(M19+N19+O19+P19)-($M$5+$N$5+$O$5+$P$5) -> 40.760022 | M19: =SUMPRODUCT((A_LIFT=1)*((A_FACH>0)*A_FACH*(1+(A_KAPR>0)*((A_FINF*A_FINV+(1-A_FINF)*(ROUNDUP((A_VERB/(A_LUO+(A_LUO=0)*$B19)+(A_MBLG>A_VERB/(A_LUO+(A_LUO=0)*$B19))*(A_MBLG-A_VERB/(A_LUO+(A_LUO=0)*$B19)))/A_MPG_E,0)*A_MPG_E+(A_IST>ROUNDUP((A_VERB/(A_LUO+(A_LUO=0)*$B19)+(A_MBLG>A_VERB/(A_LUO+(A_LUO=0)*$B19))*(A_MBLG-A_VERB/(A_LUO+(A_LUO=0)*$B19)))/A_MPG_E,0)*A_MPG_E)*(A_IST-ROUNDUP((A_VERB/(A_LUO+(A_LUO=0)*$B19)+(A_MBLG>A_VERB/(A_LUO+(A_LUO=0)*$B19))*(A_MBLG-A_VERB/(A_LUO+(A_LUO=0)*$B19)))/A_MPG_E,0)*A_MPG_E)))>A_KAPR)*((A_FINF*A_FINV+(1-A_FINF)*(ROUNDUP((A_VERB/(A_LUO+(A_LUO=0)*$B19)+(A_MBLG>A_VERB/(A_LUO+(A_LUO=0)*$B19))*(A_MBLG-A_VERB/(A_LUO+(A_LUO=0)*$B19)))/A_MPG_E,0)*A_MPG_E+(A_IST>ROUNDUP((A_VERB/(A_LUO+(A_LUO=0)*$B19)+(A_MBLG>A_VERB/(A_LUO+(A_LUO=0)*$B19))*(A_MBLG-A_VERB/(A_LUO+(A_LUO=0)*$B19)))/A_MPG_E,0)*A_MPG_E)*(A_IST-ROUNDUP((A_VERB/(A_LUO+(A_LUO=0)*$B19)+(A_MBLG>A_VERB/(A_LUO+(A_LUO=0)*$B19))*(A_MBLG-A_VERB/(A_LUO+(A_LUO=0)*$B19)))/A_MPG_E,0)*A_MPG_E)))/(A_KAPR+(A_KAPR=0))-1))+(A_FACH=0)*((1-A_LOSE)*(A_GPT>0)*(A_FINF*A_FINN+(1-A_FINF)*(ROUNDUP((A_VERB/(A_LUO+(A_LUO=0)*$B19)+(A_MBLG>A_VERB/(A_LUO+(A_LUO=0)*$B19))*(A_MBLG-A_VERB/(A_LUO+(A_LUO=0)*$B19)))/A_MPG_E,0)+(A_ISTN>ROUNDUP((A_VERB/(A_LUO+(A_LUO=0)*$B19)+(A_MBLG>A_VERB/(A_LUO+(A_LUO=0)*$B19))*(A_MBLG-A_VERB/(A_LUO+(A_LUO=0)*$B19)))/A_MPG_E,0))*(A_ISTN-ROUNDUP((A_VERB/(A_LUO+(A_LUO=0)*$B19)+(A_MBLG>A_VERB/(A_LUO+(A_LUO=0)*$B19))*(A_MBLG-A_VERB/(A_LUO+(A_LUO=0)*$B19)))/A_MPG_E,0))))/(A_GPT+(A_GPT=0))+A_LOSE*((A_FINF*A_FINN+(1-A_FINF)*(ROUNDUP((A_VERB/(A_LUO+(A_LUO=0)*$B19)+(A_MBLG>A_VERB/(A_LUO+(A_LUO=0)*$B19))*(A_MBLG-A_VERB/(A_LUO+(A_LUO=0)*$B19)))/A_MPG_E,0)+(A_ISTN>ROUNDUP((A_VERB/(A_LUO+(A_LUO=0)*$B19)+(A_MBLG>A_VERB/(A_LUO+(A_LUO=0)*$B19))*(A_MBLG-A_VERB/(A_LUO+(A_LUO=0)*$B19)))/A_MPG_E,0))*(A_ISTN-ROUNDUP((A_VERB/(A_LUO+(A_LUO=0)*$B19)+(A_MBLG>A_VERB/(A_LUO+(A_LUO=0)*$B19))*(A_MBLG-A_VERB/(A_LUO+(A_LUO=0)*$B19)))/A_MPG_E,0))))>0)*A_LA*(1+(A_IST>0)*((A_FINF*A_FINN+(1-A_FINF)*(ROUNDUP((A_VERB/(A_LUO+(A_LUO=0)*$B19)+(A_MBLG>A_VERB/(A_LUO+(A_LUO=0)*$B19))*(A_MBLG-A_VERB/(A_LUO+(A_LUO=0)*$B19)))/A_MPG_E,0)+(A_ISTN>ROUNDUP((A_VERB/(A_LUO+(A_LUO=0)*$B19)+(A_MBLG>A_VERB/(A_LUO+(A_LUO=0)*$B19))*(A_MBLG-A_VERB/(A_LUO+(A_LUO=0)*$B19)))/A_MPG_E,0))*(A_ISTN-ROUNDUP((A_VERB/(A_LUO+(A_LUO=0)*$B19)+(A_MBLG>A_VERB/(A_LUO+(A_LUO=0)*$B19))*(A_MBLG-A_VERB/(A_LUO+(A_LUO=0)*$B19)))/A_MPG_E,0))))>A_IST)*((A_FINF*A_FINN+(1-A_FINF)*(ROUNDUP((A_VERB/(A_LUO+(A_LUO=0)*$B19)+(A_MBLG>A_VERB/(A_LUO+(A_LUO=0)*$B19))*(A_MBLG-A_VERB/(A_LUO+(A_LUO=0)*$B19)))/A_MPG_E,0)+(A_ISTN>ROUNDUP((A_VERB/(A_LUO+(A_LUO=0)*$B19)+(A_MBLG>A_VERB/(A_LUO+(A_LUO=0)*$B19))*(A_MBLG-A_VERB/(A_LUO+(A_LUO=0)*$B19)))/A_MPG_E,0))*(A_ISTN-ROUNDUP((A_VERB/(A_LUO+(A_LUO=0)*$B19)+(A_MBLG>A_VERB/(A_LUO+(A_LUO=0)*$B19))*(A_MBLG-A_VERB/(A_LUO+(A_LUO=0)*$B19)))/A_MPG_E,0))))/(A_IST+(A_IST=0))-1)))/MAX(0.1,N(Parameter!$M$21)))) -> 62.696114 | N19: =SUMPRODUCT((A_LIFT=2)*((A_FACH>0)*A_FACH*(1+(A_KAPR>0)*((A_FINF*A_FINV+(1-A_FINF)*(ROUNDUP((A_VERB/(A_LUO+(A_LUO=0)*$B19)+(A_MBLG>A_VERB/(A_LUO+(A_LUO=0)*$B19))*(A_MBLG-A_VERB/(A_LUO+(A_LUO=0)*$B19)))/A_MPG_E,0)*A_MPG_E+(A_IST>ROUNDUP((A_VERB/(A_LUO+(A_LUO=0)*$B19)+(A_MBLG>A_VERB/(A_LUO+(A_LUO=0)*$B19))*(A_MBLG-A_VERB/(A_LUO+(A_LUO=0)*$B19)))/A_MPG_E,0)*A_MPG_E)*(A_IST-ROUNDUP((A_VERB/(A_LUO+(A_LUO=0)*$B19)+(A_MBLG>A_VERB/(A_LUO+(A_LUO=0)*$B19))*(A_MBLG-A_VERB/(A_LUO+(A_LUO=0)*$B19)))/A_MPG_E,0)*A_MPG_E)))>A_KAPR)*((A_FINF*A_FINV+(1-A_FINF)*(ROUNDUP((A_VERB/(A_LUO+(A_LUO=0)*$B19)+(A_MBLG>A_VERB/(A_LUO+(A_LUO=0)*$B19))*(A_MBLG-A_VERB/(A_LUO+(A_LUO=0)*$B19)))/A_MPG_E,0)*A_MPG_E+(A_IST>ROUNDUP((A_VERB/(A_LUO+(A_LUO=0)*$B19)+(A_MBLG>A_VERB/(A_LUO+(A_LUO=0)*$B19))*(A_MBLG-A_VERB/(A_LUO+(A_LUO=0)*$B19)))/A_MPG_E,0)*A_MPG_E)*(A_IST-ROUNDUP((A_VERB/(A_LUO+(A_LUO=0)*$B19)+(A_MBLG>A_VERB/(A_LUO+(A_LUO=0)*$B19))*(A_MBLG-A_VERB/(A_LUO+(A_LUO=0)*$B19)))/A_MPG_E,0)*A_MPG_E)))/(A_KAPR+(A_KAPR=0))-1))+(A_FACH=0)*((1-A_LOSE)*(A_GPT>0)*(A_FINF*A_FINN+(1-A_FINF)*(ROUNDUP((A_VERB/(A_LUO+(A_LUO=0)*$B19)+(A_MBLG>A_VERB/(A_LUO+(A_LUO=0)*$B19))*(A_MBLG-A_VERB/(A_LUO+(A_LUO=0)*$B19)))/A_MPG_E,0)+(A_ISTN>ROUNDUP((A_VERB/(A_LUO+(A_LUO=0)*$B19)+(A_MBLG>A_VERB/(A_LUO+(A_LUO=0)*$B19))*(A_MBLG-A_VERB/(A_LUO+(A_LUO=0)*$B19)))/A_MPG_E,0))*(A_ISTN-ROUNDUP((A_VERB/(A_LUO+(A_LUO=0)*$B19)+(A_MBLG>A_VERB/(A_LUO+(A_LUO=0)*$B19))*(A_MBLG-A_VERB/(A_LUO+(A_LUO=0)*$B19)))/A_MPG_E,0))))/(A_GPT+(A_GPT=0))+A_LOSE*((A_FINF*A_FINN+(1-A_FINF)*(ROUNDUP((A_VERB/(A_LUO+(A_LUO=0)*$B19)+(A_MBLG>A_VERB/(A_LUO+(A_LUO=0)*$B19))*(A_MBLG-A_VERB/(A_LUO+(A_LUO=0)*$B19)))/A_MPG_E,0)+(A_ISTN>ROUNDUP((A_VERB/(A_LUO+(A_LUO=0)*$B19)+(A_MBLG>A_VERB/(A_LUO+(A_LUO=0)*$B19))*(A_MBLG-A_VERB/(A_LUO+(A_LUO=0)*$B19)))/A_MPG_E,0))*(A_ISTN-ROUNDUP((A_VERB/(A_LUO+(A_LUO=0)*$B19)+(A_MBLG>A_VERB/(A_LUO+(A_LUO=0)*$B19))*(A_MBLG-A_VERB/(A_LUO+(A_LUO=0)*$B19)))/A_MPG_E,0))))>0)*A_LA*(1+(A_IST>0)*((A_FINF*A_FINN+(1-A_FINF)*(ROUNDUP((A_VERB/(A_LUO+(A_LUO=0)*$B19)+(A_MBLG>A_VERB/(A_LUO+(A_LUO=0)*$B19))*(A_MBLG-A_VERB/(A_LUO+(A_LUO=0)*$B19)))/A_MPG_E,0)+(A_ISTN>ROUNDUP((A_VERB/(A_LUO+(A_LUO=0)*$B19)+(A_MBLG>A_VERB/(A_LUO+(A_LUO=0)*$B19))*(A_MBLG-A_VERB/(A_LUO+(A_LUO=0)*$B19)))/A_MPG_E,0))*(A_ISTN-ROUNDUP((A_VERB/(A_LUO+(A_LUO=0)*$B19)+(A_MBLG>A_VERB/(A_LUO+(A_LUO=0)*$B19))*(A_MBLG-A_VERB/(A_LUO+(A_LUO=0)*$B19)))/A_MPG_E,0))))>A_IST)*((A_FINF*A_FINN+(1-A_FINF)*(ROUNDUP((A_VERB/(A_LUO+(A_LUO=0)*$B19)+(A_MBLG>A_VERB/(A_LUO+(A_LUO=0)*$B19))*(A_MBLG-A_VERB/(A_LUO+(A_LUO=0)*$B19)))/A_MPG_E,0)+(A_ISTN>ROUNDUP((A_VERB/(A_LUO+(A_LUO=0)*$B19)+(A_MBLG>A_VERB/(A_LUO+(A_LUO=0)*$B19))*(A_MBLG-A_VERB/(A_LUO+(A_LUO=0)*$B19)))/A_MPG_E,0))*(A_ISTN-ROUNDUP((A_VERB/(A_LUO+(A_LUO=0)*$B19)+(A_MBLG>A_VERB/(A_LUO+(A_LUO=0)*$B19))*(A_MBLG-A_VERB/(A_LUO+(A_LUO=0)*$B19)))/A_MPG_E,0))))/(A_IST+(A_IST=0))-1)))/MAX(0.1,N(Parameter!$M$21)))) -> 91.424242 | O19: =SUMPRODUCT((A_LIFT=3)*((A_FACH>0)*A_FACH*(1+(A_KAPR>0)*((A_FINF*A_FINV+(1-A_FINF)*(ROUNDUP((A_VERB/(A_LUO+(A_LUO=0)*$B19)+(A_MBLG>A_VERB/(A_LUO+(A_LUO=0)*$B19))*(A_MBLG-A_VERB/(A_LUO+(A_LUO=0)*$B19)))/A_MPG_E,0)*A_MPG_E+(A_IST>ROUNDUP((A_VERB/(A_LUO+(A_LUO=0)*$B19)+(A_MBLG>A_VERB/(A_LUO+(A_LUO=0)*$B19))*(A_MBLG-A_VERB/(A_LUO+(A_LUO=0)*$B19)))/A_MPG_E,0)*A_MPG_E)*(A_IST-ROUNDUP((A_VERB/(A_LUO+(A_LUO=0)*$B19)+(A_MBLG>A_VERB/(A_LUO+(A_LUO=0)*$B19))*(A_MBLG-A_VERB/(A_LUO+(A_LUO=0)*$B19)))/A_MPG_E,0)*A_MPG_E)))>A_KAPR)*((A_FINF*A_FINV+(1-A_FINF)*(ROUNDUP((A_VERB/(A_LUO+(A_LUO=0)*$B19)+(A_MBLG>A_VERB/(A_LUO+(A_LUO=0)*$B19))*(A_MBLG-A_VERB/(A_LUO+(A_LUO=0)*$B19)))/A_MPG_E,0)*A_MPG_E+(A_IST>ROUNDUP((A_VERB/(A_LUO+(A_LUO=0)*$B19)+(A_MBLG>A_VERB/(A_LUO+(A_LUO=0)*$B19))*(A_MBLG-A_VERB/(A_LUO+(A_LUO=0)*$B19)))/A_MPG_E,0)*A_MPG_E)*(A_IST-ROUNDUP((A_VERB/(A_LUO+(A_LUO=0)*$B19)+(A_MBLG>A_VERB/(A_LUO+(A_LUO=0)*$B19))*(A_MBLG-A_VERB/(A_LUO+(A_LUO=0)*$B19)))/A_MPG_E,0)*A_MPG_E)))/(A_KAPR+(A_KAPR=0))-1))+(A_FACH=0)*((1-A_LOSE)*(A_GPT>0)*(A_FINF*A_FINN+(1-A_FINF)*(ROUNDUP((A_VERB/(A_LUO+(A_LUO=0)*$B19)+(A_MBLG>A_VERB/(A_LUO+(A_LUO=0)*$B19))*(A_MBLG-A_VERB/(A_LUO+(A_LUO=0)*$B19)))/A_MPG_E,0)+(A_ISTN>ROUNDUP((A_VERB/(A_LUO+(A_LUO=0)*$B19)+(A_MBLG>A_VERB/(A_LUO+(A_LUO=0)*$B19))*(A_MBLG-A_VERB/(A_LUO+(A_LUO=0)*$B19)))/A_MPG_E,0))*(A_ISTN-ROUNDUP((A_VERB/(A_LUO+(A_LUO=0)*$B19)+(A_MBLG>A_VERB/(A_LUO+(A_LUO=0)*$B19))*(A_MBLG-A_VERB/(A_LUO+(A_LUO=0)*$B19)))/A_MPG_E,0))))/(A_GPT+(A_GPT=0))+A_LOSE*((A_FINF*A_FINN+(1-A_FINF)*(ROUNDUP((A_VERB/(A_LUO+(A_LUO=0)*$B19)+(A_MBLG>A_VERB/(A_LUO+(A_LUO=0)*$B19))*(A_MBLG-A_VERB/(A_LUO+(A_LUO=0)*$B19)))/A_MPG_E,0)+(A_ISTN>ROUNDUP((A_VERB/(A_LUO+(A_LUO=0)*$B19)+(A_MBLG>A_VERB/(A_LUO+(A_LUO=0)*$B19))*(A_MBLG-A_VERB/(A_LUO+(A_LUO=0)*$B19)))/A_MPG_E,0))*(A_ISTN-ROUNDUP((A_VERB/(A_LUO+(A_LUO=0)*$B19)+(A_MBLG>A_VERB/(A_LUO+(A_LUO=0)*$B19))*(A_MBLG-A_VERB/(A_LUO+(A_LUO=0)*$B19)))/A_MPG_E,0))))>0)*A_LA*(1+(A_IST>0)*((A_FINF*A_FINN+(1-A_FINF)*(ROUNDUP((A_VERB/(A_LUO+(A_LUO=0)*$B19)+(A_MBLG>A_VERB/(A_LUO+(A_LUO=0)*$B19))*(A_MBLG-A_VERB/(A_LUO+(A_LUO=0)*$B19)))/A_MPG_E,0)+(A_ISTN>ROUNDUP((A_VERB/(A_LUO+(A_LUO=0)*$B19)+(A_MBLG>A_VERB/(A_LUO+(A_LUO=0)*$B19))*(A_MBLG-A_VERB/(A_LUO+(A_LUO=0)*$B19)))/A_MPG_E,0))*(A_ISTN-ROUNDUP((A_VERB/(A_LUO+(A_LUO=0)*$B19)+(A_MBLG>A_VERB/(A_LUO+(A_LUO=0)*$B19))*(A_MBLG-A_VERB/(A_LUO+(A_LUO=0)*$B19)))/A_MPG_E,0))))>A_IST)*((A_FINF*A_FINN+(1-A_FINF)*(ROUNDUP((A_VERB/(A_LUO+(A_LUO=0)*$B19)+(A_MBLG>A_VERB/(A_LUO+(A_LUO=0)*$B19))*(A_MBLG-A_VERB/(A_LUO+(A_LUO=0)*$B19)))/A_MPG_E,0)+(A_ISTN>ROUNDUP((A_VERB/(A_LUO+(A_LUO=0)*$B19)+(A_MBLG>A_VERB/(A_LUO+(A_LUO=0)*$B19))*(A_MBLG-A_VERB/(A_LUO+(A_LUO=0)*$B19)))/A_MPG_E,0))*(A_ISTN-ROUNDUP((A_VERB/(A_LUO+(A_LUO=0)*$B19)+(A_MBLG>A_VERB/(A_LUO+(A_LUO=0)*$B19))*(A_MBLG-A_VERB/(A_LUO+(A_LUO=0)*$B19)))/A_MPG_E,0))))/(A_IST+(A_IST=0))-1)))/MAX(0.1,N(Parameter!$M$21)))) -> 37.554255 | P19: =SUMPRODUCT((A_LIFT="Aussen")*((A_FACH>0)*A_FACH*(1+(A_KAPR>0)*((A_FINF*A_FINV+(1-A_FINF)*(ROUNDUP((A_VERB/(A_LUO+(A_LUO=0)*$B19)+(A_MBLG>A_VERB/(A_LUO+(A_LUO=0)*$B19))*(A_MBLG-A_VERB/(A_LUO+(A_LUO=0)*$B19)))/A_MPG_E,0)*A_MPG_E+(A_IST>ROUNDUP((A_VERB/(A_LUO+(A_LUO=0)*$B19)+(A_MBLG>A_VERB/(A_LUO+(A_LUO=0)*$B19))*(A_MBLG-A_VERB/(A_LUO+(A_LUO=0)*$B19)))/A_MPG_E,0)*A_MPG_E)*(A_IST-ROUNDUP((A_VERB/(A_LUO+(A_LUO=0)*$B19)+(A_MBLG>A_VERB/(A_LUO+(A_LUO=0)*$B19))*(A_MBLG-A_VERB/(A_LUO+(A_LUO=0)*$B19)))/A_MPG_E,0)*A_MPG_E)))>A_KAPR)*((A_FINF*A_FINV+(1-A_FINF)*(ROUNDUP((A_VERB/(A_LUO+(A_LUO=0)*$B19)+(A_MBLG>A_VERB/(A_LUO+(A_LUO=0)*$B19))*(A_MBLG-A_VERB/(A_LUO+(A_LUO=0)*$B19)))/A_MPG_E,0)*A_MPG_E+(A_IST>ROUNDUP((A_VERB/(A_LUO+(A_LUO=0)*$B19)+(A_MBLG>A_VERB/(A_LUO+(A_LUO=0)*$B19))*(A_MBLG-A_VERB/(A_LUO+(A_LUO=0)*$B19)))/A_MPG_E,0)*A_MPG_E)*(A_IST-ROUNDUP((A_VERB/(A_LUO+(A_LUO=0)*$B19)+(A_MBLG>A_VERB/(A_LUO+(A_LUO=0)*$B19))*(A_MBLG-A_VERB/(A_LUO+(A_LUO=0)*$B19)))/A_MPG_E,0)*A_MPG_E)))/(A_KAPR+(A_KAPR=0))-1))+(A_FACH=0)*((1-A_LOSE)*(A_GPT>0)*(A_FINF*A_FINN+(1-A_FINF)*(ROUNDUP((A_VERB/(A_LUO+(A_LUO=0)*$B19)+(A_MBLG>A_VERB/(A_LUO+(A_LUO=0)*$B19))*(A_MBLG-A_VERB/(A_LUO+(A_LUO=0)*$B19)))/A_MPG_E,0)+(A_ISTN>ROUNDUP((A_VERB/(A_LUO+(A_LUO=0)*$B19)+(A_MBLG>A_VERB/(A_LUO+(A_LUO=0)*$B19))*(A_MBLG-A_VERB/(A_LUO+(A_LUO=0)*$B19)))/A_MPG_E,0))*(A_ISTN-ROUNDUP((A_VERB/(A_LUO+(A_LUO=0)*$B19)+(A_MBLG>A_VERB/(A_LUO+(A_LUO=0)*$B19))*(A_MBLG-A_VERB/(A_LUO+(A_LUO=0)*$B19)))/A_MPG_E,0))))/(A_GPT+(A_GPT=0))+A_LOSE*((A_FINF*A_FINN+(1-A_FINF)*(ROUNDUP((A_VERB/(A_LUO+(A_LUO=0)*$B19)+(A_MBLG>A_VERB/(A_LUO+(A_LUO=0)*$B19))*(A_MBLG-A_VERB/(A_LUO+(A_LUO=0)*$B19)))/A_MPG_E,0)+(A_ISTN>ROUNDUP((A_VERB/(A_LUO+(A_LUO=0)*$B19)+(A_MBLG>A_VERB/(A_LUO+(A_LUO=0)*$B19))*(A_MBLG-A_VERB/(A_LUO+(A_LUO=0)*$B19)))/A_MPG_E,0))*(A_ISTN-ROUNDUP((A_VERB/(A_LUO+(A_LUO=0)*$B19)+(A_MBLG>A_VERB/(A_LUO+(A_LUO=0)*$B19))*(A_MBLG-A_VERB/(A_LUO+(A_LUO=0)*$B19)))/A_MPG_E,0))))>0)*A_LA*(1+(A_IST>0)*((A_FINF*A_FINN+(1-A_FINF)*(ROUNDUP((A_VERB/(A_LUO+(A_LUO=0)*$B19)+(A_MBLG>A_VERB/(A_LUO+(A_LUO=0)*$B19))*(A_MBLG-A_VERB/(A_LUO+(A_LUO=0)*$B19)))/A_MPG_E,0)+(A_ISTN>ROUNDUP((A_VERB/(A_LUO+(A_LUO=0)*$B19)+(A_MBLG>A_VERB/(A_LUO+(A_LUO=0)*$B19))*(A_MBLG-A_VERB/(A_LUO+(A_LUO=0)*$B19)))/A_MPG_E,0))*(A_ISTN-ROUNDUP((A_VERB/(A_LUO+(A_LUO=0)*$B19)+(A_MBLG>A_VERB/(A_LUO+(A_LUO=0)*$B19))*(A_MBLG-A_VERB/(A_LUO+(A_LUO=0)*$B19)))/A_MPG_E,0))))>A_IST)*((A_FINF*A_FINN+(1-A_FINF)*(ROUNDUP((A_VERB/(A_LUO+(A_LUO=0)*$B19)+(A_MBLG>A_VERB/(A_LUO+(A_LUO=0)*$B19))*(A_MBLG-A_VERB/(A_LUO+(A_LUO=0)*$B19)))/A_MPG_E,0)+(A_ISTN>ROUNDUP((A_VERB/(A_LUO+(A_LUO=0)*$B19)+(A_MBLG>A_VERB/(A_LUO+(A_LUO=0)*$B19))*(A_MBLG-A_VERB/(A_LUO+(A_LUO=0)*$B19)))/A_MPG_E,0))*(A_ISTN-ROUNDUP((A_VERB/(A_LUO+(A_LUO=0)*$B19)+(A_MBLG>A_VERB/(A_LUO+(A_LUO=0)*$B19))*(A_MBLG-A_VERB/(A_LUO+(A_LUO=0)*$B19)))/A_MPG_E,0))))/(A_IST+(A_IST=0))-1)))/MAX(0.1,N(Parameter!$M$21)))) -> 0
A20: C – Ziel-LU oder Ist | B20: =Parameter!$A$29 -> 5 | C20: =M20/Parameter!$E$5 -> 1.2391859 | D20: =N20/Parameter!$E$6 -> 1.7901515 | E20: =O20/Parameter!$E$7 -> 0.74723894 | F20: =(N20+O20)/(Parameter!$E$6+Parameter!$E$7) -> 1.2686952 | G20: =(M20+N20+O20)/Parameter!$E$8 -> 1.2588588 | H20: =IF(AND(M20<=Parameter!$E$5,N20+O20<=Parameter!$E$6+Parameter!$E$7),"JA","NEIN") -> NEIN | I20: =MAX(0,M20-Parameter!$E$5)+MAX(0,N20+O20-Parameter!$E$6-Parameter!$E$7)+P20 -> 38.828819 | J20: =SUMPRODUCT((A_FINF*A_FINV+(1-A_FINF)*(ROUNDUP((A_VERB/(A_LUO+(A_LUO=0)*$B20)+(A_MBLG>A_VERB/(A_LUO+(A_LUO=0)*$B20))*(A_MBLG-A_VERB/(A_LUO+(A_LUO=0)*$B20)))/A_MPG_E,0)*A_MPG_E+(A_IST>ROUNDUP((A_VERB/(A_LUO+(A_LUO=0)*$B20)+(A_MBLG>A_VERB/(A_LUO+(A_LUO=0)*$B20))*(A_MBLG-A_VERB/(A_LUO+(A_LUO=0)*$B20)))/A_MPG_E,0)*A_MPG_E)*(A_IST-ROUNDUP((A_VERB/(A_LUO+(A_LUO=0)*$B20)+(A_MBLG>A_VERB/(A_LUO+(A_LUO=0)*$B20))*(A_MBLG-A_VERB/(A_LUO+(A_LUO=0)*$B20)))/A_MPG_E,0)*A_MPG_E)))*A_PREIS) -> 6326471.1 | K20: =J20-$J$5 -> 2875424.9 | L20: =(M20+N20+O20+P20)-($M$5+$N$5+$O$5+$P$5) -> 37.91423 | M20: =SUMPRODUCT((A_LIFT=1)*((A_FACH>0)*A_FACH*(1+(A_KAPR>0)*((A_FINF*A_FINV+(1-A_FINF)*(ROUNDUP((A_VERB/(A_LUO+(A_LUO=0)*$B20)+(A_MBLG>A_VERB/(A_LUO+(A_LUO=0)*$B20))*(A_MBLG-A_VERB/(A_LUO+(A_LUO=0)*$B20)))/A_MPG_E,0)*A_MPG_E+(A_IST>ROUNDUP((A_VERB/(A_LUO+(A_LUO=0)*$B20)+(A_MBLG>A_VERB/(A_LUO+(A_LUO=0)*$B20))*(A_MBLG-A_VERB/(A_LUO+(A_LUO=0)*$B20)))/A_MPG_E,0)*A_MPG_E)*(A_IST-ROUNDUP((A_VERB/(A_LUO+(A_LUO=0)*$B20)+(A_MBLG>A_VERB/(A_LUO+(A_LUO=0)*$B20))*(A_MBLG-A_VERB/(A_LUO+(A_LUO=0)*$B20)))/A_MPG_E,0)*A_MPG_E)))>A_KAPR)*((A_FINF*A_FINV+(1-A_FINF)*(ROUNDUP((A_VERB/(A_LUO+(A_LUO=0)*$B20)+(A_MBLG>A_VERB/(A_LUO+(A_LUO=0)*$B20))*(A_MBLG-A_VERB/(A_LUO+(A_LUO=0)*$B20)))/A_MPG_E,0)*A_MPG_E+(A_IST>ROUNDUP((A_VERB/(A_LUO+(A_LUO=0)*$B20)+(A_MBLG>A_VERB/(A_LUO+(A_LUO=0)*$B20))*(A_MBLG-A_VERB/(A_LUO+(A_LUO=0)*$B20)))/A_MPG_E,0)*A_MPG_E)*(A_IST-ROUNDUP((A_VERB/(A_LUO+(A_LUO=0)*$B20)+(A_MBLG>A_VERB/(A_LUO+(A_LUO=0)*$B20))*(A_MBLG-A_VERB/(A_LUO+(A_LUO=0)*$B20)))/A_MPG_E,0)*A_MPG_E)))/(A_KAPR+(A_KAPR=0))-1))+(A_FACH=0)*((1-A_LOSE)*(A_GPT>0)*(A_FINF*A_FINN+(1-A_FINF)*(ROUNDUP((A_VERB/(A_LUO+(A_LUO=0)*$B20)+(A_MBLG>A_VERB/(A_LUO+(A_LUO=0)*$B20))*(A_MBLG-A_VERB/(A_LUO+(A_LUO=0)*$B20)))/A_MPG_E,0)+(A_ISTN>ROUNDUP((A_VERB/(A_LUO+(A_LUO=0)*$B20)+(A_MBLG>A_VERB/(A_LUO+(A_LUO=0)*$B20))*(A_MBLG-A_VERB/(A_LUO+(A_LUO=0)*$B20)))/A_MPG_E,0))*(A_ISTN-ROUNDUP((A_VERB/(A_LUO+(A_LUO=0)*$B20)+(A_MBLG>A_VERB/(A_LUO+(A_LUO=0)*$B20))*(A_MBLG-A_VERB/(A_LUO+(A_LUO=0)*$B20)))/A_MPG_E,0))))/(A_GPT+(A_GPT=0))+A_LOSE*((A_FINF*A_FINN+(1-A_FINF)*(ROUNDUP((A_VERB/(A_LUO+(A_LUO=0)*$B20)+(A_MBLG>A_VERB/(A_LUO+(A_LUO=0)*$B20))*(A_MBLG-A_VERB/(A_LUO+(A_LUO=0)*$B20)))/A_MPG_E,0)+(A_ISTN>ROUNDUP((A_VERB/(A_LUO+(A_LUO=0)*$B20)+(A_MBLG>A_VERB/(A_LUO+(A_LUO=0)*$B20))*(A_MBLG-A_VERB/(A_LUO+(A_LUO=0)*$B20)))/A_MPG_E,0))*(A_ISTN-ROUNDUP((A_VERB/(A_LUO+(A_LUO=0)*$B20)+(A_MBLG>A_VERB/(A_LUO+(A_LUO=0)*$B20))*(A_MBLG-A_VERB/(A_LUO+(A_LUO=0)*$B20)))/A_MPG_E,0))))>0)*A_LA*(1+(A_IST>0)*((A_FINF*A_FINN+(1-A_FINF)*(ROUNDUP((A_VERB/(A_LUO+(A_LUO=0)*$B20)+(A_MBLG>A_VERB/(A_LUO+(A_LUO=0)*$B20))*(A_MBLG-A_VERB/(A_LUO+(A_LUO=0)*$B20)))/A_MPG_E,0)+(A_ISTN>ROUNDUP((A_VERB/(A_LUO+(A_LUO=0)*$B20)+(A_MBLG>A_VERB/(A_LUO+(A_LUO=0)*$B20))*(A_MBLG-A_VERB/(A_LUO+(A_LUO=0)*$B20)))/A_MPG_E,0))*(A_ISTN-ROUNDUP((A_VERB/(A_LUO+(A_LUO=0)*$B20)+(A_MBLG>A_VERB/(A_LUO+(A_LUO=0)*$B20))*(A_MBLG-A_VERB/(A_LUO+(A_LUO=0)*$B20)))/A_MPG_E,0))))>A_IST)*((A_FINF*A_FINN+(1-A_FINF)*(ROUNDUP((A_VERB/(A_LUO+(A_LUO=0)*$B20)+(A_MBLG>A_VERB/(A_LUO+(A_LUO=0)*$B20))*(A_MBLG-A_VERB/(A_LUO+(A_LUO=0)*$B20)))/A_MPG_E,0)+(A_ISTN>ROUNDUP((A_VERB/(A_LUO+(A_LUO=0)*$B20)+(A_MBLG>A_VERB/(A_LUO+(A_LUO=0)*$B20))*(A_MBLG-A_VERB/(A_LUO+(A_LUO=0)*$B20)))/A_MPG_E,0))*(A_ISTN-ROUNDUP((A_VERB/(A_LUO+(A_LUO=0)*$B20)+(A_MBLG>A_VERB/(A_LUO+(A_LUO=0)*$B20))*(A_MBLG-A_VERB/(A_LUO+(A_LUO=0)*$B20)))/A_MPG_E,0))))/(A_IST+(A_IST=0))-1)))/MAX(0.1,N(Parameter!$M$21)))) -> 61.959296 | N20: =SUMPRODUCT((A_LIFT=2)*((A_FACH>0)*A_FACH*(1+(A_KAPR>0)*((A_FINF*A_FINV+(1-A_FINF)*(ROUNDUP((A_VERB/(A_LUO+(A_LUO=0)*$B20)+(A_MBLG>A_VERB/(A_LUO+(A_LUO=0)*$B20))*(A_MBLG-A_VERB/(A_LUO+(A_LUO=0)*$B20)))/A_MPG_E,0)*A_MPG_E+(A_IST>ROUNDUP((A_VERB/(A_LUO+(A_LUO=0)*$B20)+(A_MBLG>A_VERB/(A_LUO+(A_LUO=0)*$B20))*(A_MBLG-A_VERB/(A_LUO+(A_LUO=0)*$B20)))/A_MPG_E,0)*A_MPG_E)*(A_IST-ROUNDUP((A_VERB/(A_LUO+(A_LUO=0)*$B20)+(A_MBLG>A_VERB/(A_LUO+(A_LUO=0)*$B20))*(A_MBLG-A_VERB/(A_LUO+(A_LUO=0)*$B20)))/A_MPG_E,0)*A_MPG_E)))>A_KAPR)*((A_FINF*A_FINV+(1-A_FINF)*(ROUNDUP((A_VERB/(A_LUO+(A_LUO=0)*$B20)+(A_MBLG>A_VERB/(A_LUO+(A_LUO=0)*$B20))*(A_MBLG-A_VERB/(A_LUO+(A_LUO=0)*$B20)))/A_MPG_E,0)*A_MPG_E+(A_IST>ROUNDUP((A_VERB/(A_LUO+(A_LUO=0)*$B20)+(A_MBLG>A_VERB/(A_LUO+(A_LUO=0)*$B20))*(A_MBLG-A_VERB/(A_LUO+(A_LUO=0)*$B20)))/A_MPG_E,0)*A_MPG_E)*(A_IST-ROUNDUP((A_VERB/(A_LUO+(A_LUO=0)*$B20)+(A_MBLG>A_VERB/(A_LUO+(A_LUO=0)*$B20))*(A_MBLG-A_VERB/(A_LUO+(A_LUO=0)*$B20)))/A_MPG_E,0)*A_MPG_E)))/(A_KAPR+(A_KAPR=0))-1))+(A_FACH=0)*((1-A_LOSE)*(A_GPT>0)*(A_FINF*A_FINN+(1-A_FINF)*(ROUNDUP((A_VERB/(A_LUO+(A_LUO=0)*$B20)+(A_MBLG>A_VERB/(A_LUO+(A_LUO=0)*$B20))*(A_MBLG-A_VERB/(A_LUO+(A_LUO=0)*$B20)))/A_MPG_E,0)+(A_ISTN>ROUNDUP((A_VERB/(A_LUO+(A_LUO=0)*$B20)+(A_MBLG>A_VERB/(A_LUO+(A_LUO=0)*$B20))*(A_MBLG-A_VERB/(A_LUO+(A_LUO=0)*$B20)))/A_MPG_E,0))*(A_ISTN-ROUNDUP((A_VERB/(A_LUO+(A_LUO=0)*$B20)+(A_MBLG>A_VERB/(A_LUO+(A_LUO=0)*$B20))*(A_MBLG-A_VERB/(A_LUO+(A_LUO=0)*$B20)))/A_MPG_E,0))))/(A_GPT+(A_GPT=0))+A_LOSE*((A_FINF*A_FINN+(1-A_FINF)*(ROUNDUP((A_VERB/(A_LUO+(A_LUO=0)*$B20)+(A_MBLG>A_VERB/(A_LUO+(A_LUO=0)*$B20))*(A_MBLG-A_VERB/(A_LUO+(A_LUO=0)*$B20)))/A_MPG_E,0)+(A_ISTN>ROUNDUP((A_VERB/(A_LUO+(A_LUO=0)*$B20)+(A_MBLG>A_VERB/(A_LUO+(A_LUO=0)*$B20))*(A_MBLG-A_VERB/(A_LUO+(A_LUO=0)*$B20)))/A_MPG_E,0))*(A_ISTN-ROUNDUP((A_VERB/(A_LUO+(A_LUO=0)*$B20)+(A_MBLG>A_VERB/(A_LUO+(A_LUO=0)*$B20))*(A_MBLG-A_VERB/(A_LUO+(A_LUO=0)*$B20)))/A_MPG_E,0))))>0)*A_LA*(1+(A_IST>0)*((A_FINF*A_FINN+(1-A_FINF)*(ROUNDUP((A_VERB/(A_LUO+(A_LUO=0)*$B20)+(A_MBLG>A_VERB/(A_LUO+(A_LUO=0)*$B20))*(A_MBLG-A_VERB/(A_LUO+(A_LUO=0)*$B20)))/A_MPG_E,0)+(A_ISTN>ROUNDUP((A_VERB/(A_LUO+(A_LUO=0)*$B20)+(A_MBLG>A_VERB/(A_LUO+(A_LUO=0)*$B20))*(A_MBLG-A_VERB/(A_LUO+(A_LUO=0)*$B20)))/A_MPG_E,0))*(A_ISTN-ROUNDUP((A_VERB/(A_LUO+(A_LUO=0)*$B20)+(A_MBLG>A_VERB/(A_LUO+(A_LUO=0)*$B20))*(A_MBLG-A_VERB/(A_LUO+(A_LUO=0)*$B20)))/A_MPG_E,0))))>A_IST)*((A_FINF*A_FINN+(1-A_FINF)*(ROUNDUP((A_VERB/(A_LUO+(A_LUO=0)*$B20)+(A_MBLG>A_VERB/(A_LUO+(A_LUO=0)*$B20))*(A_MBLG-A_VERB/(A_LUO+(A_LUO=0)*$B20)))/A_MPG_E,0)+(A_ISTN>ROUNDUP((A_VERB/(A_LUO+(A_LUO=0)*$B20)+(A_MBLG>A_VERB/(A_LUO+(A_LUO=0)*$B20))*(A_MBLG-A_VERB/(A_LUO+(A_LUO=0)*$B20)))/A_MPG_E,0))*(A_ISTN-ROUNDUP((A_VERB/(A_LUO+(A_LUO=0)*$B20)+(A_MBLG>A_VERB/(A_LUO+(A_LUO=0)*$B20))*(A_MBLG-A_VERB/(A_LUO+(A_LUO=0)*$B20)))/A_MPG_E,0))))/(A_IST+(A_IST=0))-1)))/MAX(0.1,N(Parameter!$M$21)))) -> 89.507576 | O20: =SUMPRODUCT((A_LIFT=3)*((A_FACH>0)*A_FACH*(1+(A_KAPR>0)*((A_FINF*A_FINV+(1-A_FINF)*(ROUNDUP((A_VERB/(A_LUO+(A_LUO=0)*$B20)+(A_MBLG>A_VERB/(A_LUO+(A_LUO=0)*$B20))*(A_MBLG-A_VERB/(A_LUO+(A_LUO=0)*$B20)))/A_MPG_E,0)*A_MPG_E+(A_IST>ROUNDUP((A_VERB/(A_LUO+(A_LUO=0)*$B20)+(A_MBLG>A_VERB/(A_LUO+(A_LUO=0)*$B20))*(A_MBLG-A_VERB/(A_LUO+(A_LUO=0)*$B20)))/A_MPG_E,0)*A_MPG_E)*(A_IST-ROUNDUP((A_VERB/(A_LUO+(A_LUO=0)*$B20)+(A_MBLG>A_VERB/(A_LUO+(A_LUO=0)*$B20))*(A_MBLG-A_VERB/(A_LUO+(A_LUO=0)*$B20)))/A_MPG_E,0)*A_MPG_E)))>A_KAPR)*((A_FINF*A_FINV+(1-A_FINF)*(ROUNDUP((A_VERB/(A_LUO+(A_LUO=0)*$B20)+(A_MBLG>A_VERB/(A_LUO+(A_LUO=0)*$B20))*(A_MBLG-A_VERB/(A_LUO+(A_LUO=0)*$B20)))/A_MPG_E,0)*A_MPG_E+(A_IST>ROUNDUP((A_VERB/(A_LUO+(A_LUO=0)*$B20)+(A_MBLG>A_VERB/(A_LUO+(A_LUO=0)*$B20))*(A_MBLG-A_VERB/(A_LUO+(A_LUO=0)*$B20)))/A_MPG_E,0)*A_MPG_E)*(A_IST-ROUNDUP((A_VERB/(A_LUO+(A_LUO=0)*$B20)+(A_MBLG>A_VERB/(A_LUO+(A_LUO=0)*$B20))*(A_MBLG-A_VERB/(A_LUO+(A_LUO=0)*$B20)))/A_MPG_E,0)*A_MPG_E)))/(A_KAPR+(A_KAPR=0))-1))+(A_FACH=0)*((1-A_LOSE)*(A_GPT>0)*(A_FINF*A_FINN+(1-A_FINF)*(ROUNDUP((A_VERB/(A_LUO+(A_LUO=0)*$B20)+(A_MBLG>A_VERB/(A_LUO+(A_LUO=0)*$B20))*(A_MBLG-A_VERB/(A_LUO+(A_LUO=0)*$B20)))/A_MPG_E,0)+(A_ISTN>ROUNDUP((A_VERB/(A_LUO+(A_LUO=0)*$B20)+(A_MBLG>A_VERB/(A_LUO+(A_LUO=0)*$B20))*(A_MBLG-A_VERB/(A_LUO+(A_LUO=0)*$B20)))/A_MPG_E,0))*(A_ISTN-ROUNDUP((A_VERB/(A_LUO+(A_LUO=0)*$B20)+(A_MBLG>A_VERB/(A_LUO+(A_LUO=0)*$B20))*(A_MBLG-A_VERB/(A_LUO+(A_LUO=0)*$B20)))/A_MPG_E,0))))/(A_GPT+(A_GPT=0))+A_LOSE*((A_FINF*A_FINN+(1-A_FINF)*(ROUNDUP((A_VERB/(A_LUO+(A_LUO=0)*$B20)+(A_MBLG>A_VERB/(A_LUO+(A_LUO=0)*$B20))*(A_MBLG-A_VERB/(A_LUO+(A_LUO=0)*$B20)))/A_MPG_E,0)+(A_ISTN>ROUNDUP((A_VERB/(A_LUO+(A_LUO=0)*$B20)+(A_MBLG>A_VERB/(A_LUO+(A_LUO=0)*$B20))*(A_MBLG-A_VERB/(A_LUO+(A_LUO=0)*$B20)))/A_MPG_E,0))*(A_ISTN-ROUNDUP((A_VERB/(A_LUO+(A_LUO=0)*$B20)+(A_MBLG>A_VERB/(A_LUO+(A_LUO=0)*$B20))*(A_MBLG-A_VERB/(A_LUO+(A_LUO=0)*$B20)))/A_MPG_E,0))))>0)*A_LA*(1+(A_IST>0)*((A_FINF*A_FINN+(1-A_FINF)*(ROUNDUP((A_VERB/(A_LUO+(A_LUO=0)*$B20)+(A_MBLG>A_VERB/(A_LUO+(A_LUO=0)*$B20))*(A_MBLG-A_VERB/(A_LUO+(A_LUO=0)*$B20)))/A_MPG_E,0)+(A_ISTN>ROUNDUP((A_VERB/(A_LUO+(A_LUO=0)*$B20)+(A_MBLG>A_VERB/(A_LUO+(A_LUO=0)*$B20))*(A_MBLG-A_VERB/(A_LUO+(A_LUO=0)*$B20)))/A_MPG_E,0))*(A_ISTN-ROUNDUP((A_VERB/(A_LUO+(A_LUO=0)*$B20)+(A_MBLG>A_VERB/(A_LUO+(A_LUO=0)*$B20))*(A_MBLG-A_VERB/(A_LUO+(A_LUO=0)*$B20)))/A_MPG_E,0))))>A_IST)*((A_FINF*A_FINN+(1-A_FINF)*(ROUNDUP((A_VERB/(A_LUO+(A_LUO=0)*$B20)+(A_MBLG>A_VERB/(A_LUO+(A_LUO=0)*$B20))*(A_MBLG-A_VERB/(A_LUO+(A_LUO=0)*$B20)))/A_MPG_E,0)+(A_ISTN>ROUNDUP((A_VERB/(A_LUO+(A_LUO=0)*$B20)+(A_MBLG>A_VERB/(A_LUO+(A_LUO=0)*$B20))*(A_MBLG-A_VERB/(A_LUO+(A_LUO=0)*$B20)))/A_MPG_E,0))*(A_ISTN-ROUNDUP((A_VERB/(A_LUO+(A_LUO=0)*$B20)+(A_MBLG>A_VERB/(A_LUO+(A_LUO=0)*$B20))*(A_MBLG-A_VERB/(A_LUO+(A_LUO=0)*$B20)))/A_MPG_E,0))))/(A_IST+(A_IST=0))-1)))/MAX(0.1,N(Parameter!$M$21)))) -> 37.361947 | P20: =SUMPRODUCT((A_LIFT="Aussen")*((A_FACH>0)*A_FACH*(1+(A_KAPR>0)*((A_FINF*A_FINV+(1-A_FINF)*(ROUNDUP((A_VERB/(A_LUO+(A_LUO=0)*$B20)+(A_MBLG>A_VERB/(A_LUO+(A_LUO=0)*$B20))*(A_MBLG-A_VERB/(A_LUO+(A_LUO=0)*$B20)))/A_MPG_E,0)*A_MPG_E+(A_IST>ROUNDUP((A_VERB/(A_LUO+(A_LUO=0)*$B20)+(A_MBLG>A_VERB/(A_LUO+(A_LUO=0)*$B20))*(A_MBLG-A_VERB/(A_LUO+(A_LUO=0)*$B20)))/A_MPG_E,0)*A_MPG_E)*(A_IST-ROUNDUP((A_VERB/(A_LUO+(A_LUO=0)*$B20)+(A_MBLG>A_VERB/(A_LUO+(A_LUO=0)*$B20))*(A_MBLG-A_VERB/(A_LUO+(A_LUO=0)*$B20)))/A_MPG_E,0)*A_MPG_E)))>A_KAPR)*((A_FINF*A_FINV+(1-A_FINF)*(ROUNDUP((A_VERB/(A_LUO+(A_LUO=0)*$B20)+(A_MBLG>A_VERB/(A_LUO+(A_LUO=0)*$B20))*(A_MBLG-A_VERB/(A_LUO+(A_LUO=0)*$B20)))/A_MPG_E,0)*A_MPG_E+(A_IST>ROUNDUP((A_VERB/(A_LUO+(A_LUO=0)*$B20)+(A_MBLG>A_VERB/(A_LUO+(A_LUO=0)*$B20))*(A_MBLG-A_VERB/(A_LUO+(A_LUO=0)*$B20)))/A_MPG_E,0)*A_MPG_E)*(A_IST-ROUNDUP((A_VERB/(A_LUO+(A_LUO=0)*$B20)+(A_MBLG>A_VERB/(A_LUO+(A_LUO=0)*$B20))*(A_MBLG-A_VERB/(A_LUO+(A_LUO=0)*$B20)))/A_MPG_E,0)*A_MPG_E)))/(A_KAPR+(A_KAPR=0))-1))+(A_FACH=0)*((1-A_LOSE)*(A_GPT>0)*(A_FINF*A_FINN+(1-A_FINF)*(ROUNDUP((A_VERB/(A_LUO+(A_LUO=0)*$B20)+(A_MBLG>A_VERB/(A_LUO+(A_LUO=0)*$B20))*(A_MBLG-A_VERB/(A_LUO+(A_LUO=0)*$B20)))/A_MPG_E,0)+(A_ISTN>ROUNDUP((A_VERB/(A_LUO+(A_LUO=0)*$B20)+(A_MBLG>A_VERB/(A_LUO+(A_LUO=0)*$B20))*(A_MBLG-A_VERB/(A_LUO+(A_LUO=0)*$B20)))/A_MPG_E,0))*(A_ISTN-ROUNDUP((A_VERB/(A_LUO+(A_LUO=0)*$B20)+(A_MBLG>A_VERB/(A_LUO+(A_LUO=0)*$B20))*(A_MBLG-A_VERB/(A_LUO+(A_LUO=0)*$B20)))/A_MPG_E,0))))/(A_GPT+(A_GPT=0))+A_LOSE*((A_FINF*A_FINN+(1-A_FINF)*(ROUNDUP((A_VERB/(A_LUO+(A_LUO=0)*$B20)+(A_MBLG>A_VERB/(A_LUO+(A_LUO=0)*$B20))*(A_MBLG-A_VERB/(A_LUO+(A_LUO=0)*$B20)))/A_MPG_E,0)+(A_ISTN>ROUNDUP((A_VERB/(A_LUO+(A_LUO=0)*$B20)+(A_MBLG>A_VERB/(A_LUO+(A_LUO=0)*$B20))*(A_MBLG-A_VERB/(A_LUO+(A_LUO=0)*$B20)))/A_MPG_E,0))*(A_ISTN-ROUNDUP((A_VERB/(A_LUO+(A_LUO=0)*$B20)+(A_MBLG>A_VERB/(A_LUO+(A_LUO=0)*$B20))*(A_MBLG-A_VERB/(A_LUO+(A_LUO=0)*$B20)))/A_MPG_E,0))))>0)*A_LA*(1+(A_IST>0)*((A_FINF*A_FINN+(1-A_FINF)*(ROUNDUP((A_VERB/(A_LUO+(A_LUO=0)*$B20)+(A_MBLG>A_VERB/(A_LUO+(A_LUO=0)*$B20))*(A_MBLG-A_VERB/(A_LUO+(A_LUO=0)*$B20)))/A_MPG_E,0)+(A_ISTN>ROUNDUP((A_VERB/(A_LUO+(A_LUO=0)*$B20)+(A_MBLG>A_VERB/(A_LUO+(A_LUO=0)*$B20))*(A_MBLG-A_VERB/(A_LUO+(A_LUO=0)*$B20)))/A_MPG_E,0))*(A_ISTN-ROUNDUP((A_VERB/(A_LUO+(A_LUO=0)*$B20)+(A_MBLG>A_VERB/(A_LUO+(A_LUO=0)*$B20))*(A_MBLG-A_VERB/(A_LUO+(A_LUO=0)*$B20)))/A_MPG_E,0))))>A_IST)*((A_FINF*A_FINN+(1-A_FINF)*(ROUNDUP((A_VERB/(A_LUO+(A_LUO=0)*$B20)+(A_MBLG>A_VERB/(A_LUO+(A_LUO=0)*$B20))*(A_MBLG-A_VERB/(A_LUO+(A_LUO=0)*$B20)))/A_MPG_E,0)+(A_ISTN>ROUNDUP((A_VERB/(A_LUO+(A_LUO=0)*$B20)+(A_MBLG>A_VERB/(A_LUO+(A_LUO=0)*$B20))*(A_MBLG-A_VERB/(A_LUO+(A_LUO=0)*$B20)))/A_MPG_E,0))*(A_ISTN-ROUNDUP((A_VERB/(A_LUO+(A_LUO=0)*$B20)+(A_MBLG>A_VERB/(A_LUO+(A_LUO=0)*$B20))*(A_MBLG-A_VERB/(A_LUO+(A_LUO=0)*$B20)))/A_MPG_E,0))))/(A_IST+(A_IST=0))-1)))/MAX(0.1,N(Parameter!$M$21)))) -> 0
A21: C – Ziel-LU oder Ist | B21: =Parameter!$A$30 -> 6 | C21: =M21/Parameter!$E$5 -> 1.232717 | D21: =N21/Parameter!$E$6 -> 1.7684848 | E21: =O21/Parameter!$E$7 -> 0.74493125 | F21: =(N21+O21)/(Parameter!$E$6+Parameter!$E$7) -> 1.2567081 | G21: =(M21+N21+O21)/Parameter!$E$8 -> 1.248711 | H21: =IF(AND(M21<=Parameter!$E$5,N21+O21<=Parameter!$E$6+Parameter!$E$7),"JA","NEIN") -> NEIN | I21: =MAX(0,M21-Parameter!$E$5)+MAX(0,N21+O21-Parameter!$E$6-Parameter!$E$7)+P21 -> 37.306655 | J21: =SUMPRODUCT((A_FINF*A_FINV+(1-A_FINF)*(ROUNDUP((A_VERB/(A_LUO+(A_LUO=0)*$B21)+(A_MBLG>A_VERB/(A_LUO+(A_LUO=0)*$B21))*(A_MBLG-A_VERB/(A_LUO+(A_LUO=0)*$B21)))/A_MPG_E,0)*A_MPG_E+(A_IST>ROUNDUP((A_VERB/(A_LUO+(A_LUO=0)*$B21)+(A_MBLG>A_VERB/(A_LUO+(A_LUO=0)*$B21))*(A_MBLG-A_VERB/(A_LUO+(A_LUO=0)*$B21)))/A_MPG_E,0)*A_MPG_E)*(A_IST-ROUNDUP((A_VERB/(A_LUO+(A_LUO=0)*$B21)+(A_MBLG>A_VERB/(A_LUO+(A_LUO=0)*$B21))*(A_MBLG-A_VERB/(A_LUO+(A_LUO=0)*$B21)))/A_MPG_E,0)*A_MPG_E)))*A_PREIS) -> 6270502.5 | K21: =J21-$J$5 -> 2819456.3 | L21: =(M21+N21+O21+P21)-($M$5+$N$5+$O$5+$P$5) -> 36.392066 | M21: =SUMPRODUCT((A_LIFT=1)*((A_FACH>0)*A_FACH*(1+(A_KAPR>0)*((A_FINF*A_FINV+(1-A_FINF)*(ROUNDUP((A_VERB/(A_LUO+(A_LUO=0)*$B21)+(A_MBLG>A_VERB/(A_LUO+(A_LUO=0)*$B21))*(A_MBLG-A_VERB/(A_LUO+(A_LUO=0)*$B21)))/A_MPG_E,0)*A_MPG_E+(A_IST>ROUNDUP((A_VERB/(A_LUO+(A_LUO=0)*$B21)+(A_MBLG>A_VERB/(A_LUO+(A_LUO=0)*$B21))*(A_MBLG-A_VERB/(A_LUO+(A_LUO=0)*$B21)))/A_MPG_E,0)*A_MPG_E)*(A_IST-ROUNDUP((A_VERB/(A_LUO+(A_LUO=0)*$B21)+(A_MBLG>A_VERB/(A_LUO+(A_LUO=0)*$B21))*(A_MBLG-A_VERB/(A_LUO+(A_LUO=0)*$B21)))/A_MPG_E,0)*A_MPG_E)))>A_KAPR)*((A_FINF*A_FINV+(1-A_FINF)*(ROUNDUP((A_VERB/(A_LUO+(A_LUO=0)*$B21)+(A_MBLG>A_VERB/(A_LUO+(A_LUO=0)*$B21))*(A_MBLG-A_VERB/(A_LUO+(A_LUO=0)*$B21)))/A_MPG_E,0)*A_MPG_E+(A_IST>ROUNDUP((A_VERB/(A_LUO+(A_LUO=0)*$B21)+(A_MBLG>A_VERB/(A_LUO+(A_LUO=0)*$B21))*(A_MBLG-A_VERB/(A_LUO+(A_LUO=0)*$B21)))/A_MPG_E,0)*A_MPG_E)*(A_IST-ROUNDUP((A_VERB/(A_LUO+(A_LUO=0)*$B21)+(A_MBLG>A_VERB/(A_LUO+(A_LUO=0)*$B21))*(A_MBLG-A_VERB/(A_LUO+(A_LUO=0)*$B21)))/A_MPG_E,0)*A_MPG_E)))/(A_KAPR+(A_KAPR=0))-1))+(A_FACH=0)*((1-A_LOSE)*(A_GPT>0)*(A_FINF*A_FINN+(1-A_FINF)*(ROUNDUP((A_VERB/(A_LUO+(A_LUO=0)*$B21)+(A_MBLG>A_VERB/(A_LUO+(A_LUO=0)*$B21))*(A_MBLG-A_VERB/(A_LUO+(A_LUO=0)*$B21)))/A_MPG_E,0)+(A_ISTN>ROUNDUP((A_VERB/(A_LUO+(A_LUO=0)*$B21)+(A_MBLG>A_VERB/(A_LUO+(A_LUO=0)*$B21))*(A_MBLG-A_VERB/(A_LUO+(A_LUO=0)*$B21)))/A_MPG_E,0))*(A_ISTN-ROUNDUP((A_VERB/(A_LUO+(A_LUO=0)*$B21)+(A_MBLG>A_VERB/(A_LUO+(A_LUO=0)*$B21))*(A_MBLG-A_VERB/(A_LUO+(A_LUO=0)*$B21)))/A_MPG_E,0))))/(A_GPT+(A_GPT=0))+A_LOSE*((A_FINF*A_FINN+(1-A_FINF)*(ROUNDUP((A_VERB/(A_LUO+(A_LUO=0)*$B21)+(A_MBLG>A_VERB/(A_LUO+(A_LUO=0)*$B21))*(A_MBLG-A_VERB/(A_LUO+(A_LUO=0)*$B21)))/A_MPG_E,0)+(A_ISTN>ROUNDUP((A_VERB/(A_LUO+(A_LUO=0)*$B21)+(A_MBLG>A_VERB/(A_LUO+(A_LUO=0)*$B21))*(A_MBLG-A_VERB/(A_LUO+(A_LUO=0)*$B21)))/A_MPG_E,0))*(A_ISTN-ROUNDUP((A_VERB/(A_LUO+(A_LUO=0)*$B21)+(A_MBLG>A_VERB/(A_LUO+(A_LUO=0)*$B21))*(A_MBLG-A_VERB/(A_LUO+(A_LUO=0)*$B21)))/A_MPG_E,0))))>0)*A_LA*(1+(A_IST>0)*((A_FINF*A_FINN+(1-A_FINF)*(ROUNDUP((A_VERB/(A_LUO+(A_LUO=0)*$B21)+(A_MBLG>A_VERB/(A_LUO+(A_LUO=0)*$B21))*(A_MBLG-A_VERB/(A_LUO+(A_LUO=0)*$B21)))/A_MPG_E,0)+(A_ISTN>ROUNDUP((A_VERB/(A_LUO+(A_LUO=0)*$B21)+(A_MBLG>A_VERB/(A_LUO+(A_LUO=0)*$B21))*(A_MBLG-A_VERB/(A_LUO+(A_LUO=0)*$B21)))/A_MPG_E,0))*(A_ISTN-ROUNDUP((A_VERB/(A_LUO+(A_LUO=0)*$B21)+(A_MBLG>A_VERB/(A_LUO+(A_LUO=0)*$B21))*(A_MBLG-A_VERB/(A_LUO+(A_LUO=0)*$B21)))/A_MPG_E,0))))>A_IST)*((A_FINF*A_FINN+(1-A_FINF)*(ROUNDUP((A_VERB/(A_LUO+(A_LUO=0)*$B21)+(A_MBLG>A_VERB/(A_LUO+(A_LUO=0)*$B21))*(A_MBLG-A_VERB/(A_LUO+(A_LUO=0)*$B21)))/A_MPG_E,0)+(A_ISTN>ROUNDUP((A_VERB/(A_LUO+(A_LUO=0)*$B21)+(A_MBLG>A_VERB/(A_LUO+(A_LUO=0)*$B21))*(A_MBLG-A_VERB/(A_LUO+(A_LUO=0)*$B21)))/A_MPG_E,0))*(A_ISTN-ROUNDUP((A_VERB/(A_LUO+(A_LUO=0)*$B21)+(A_MBLG>A_VERB/(A_LUO+(A_LUO=0)*$B21))*(A_MBLG-A_VERB/(A_LUO+(A_LUO=0)*$B21)))/A_MPG_E,0))))/(A_IST+(A_IST=0))-1)))/MAX(0.1,N(Parameter!$M$21)))) -> 61.63585 | N21: =SUMPRODUCT((A_LIFT=2)*((A_FACH>0)*A_FACH*(1+(A_KAPR>0)*((A_FINF*A_FINV+(1-A_FINF)*(ROUNDUP((A_VERB/(A_LUO+(A_LUO=0)*$B21)+(A_MBLG>A_VERB/(A_LUO+(A_LUO=0)*$B21))*(A_MBLG-A_VERB/(A_LUO+(A_LUO=0)*$B21)))/A_MPG_E,0)*A_MPG_E+(A_IST>ROUNDUP((A_VERB/(A_LUO+(A_LUO=0)*$B21)+(A_MBLG>A_VERB/(A_LUO+(A_LUO=0)*$B21))*(A_MBLG-A_VERB/(A_LUO+(A_LUO=0)*$B21)))/A_MPG_E,0)*A_MPG_E)*(A_IST-ROUNDUP((A_VERB/(A_LUO+(A_LUO=0)*$B21)+(A_MBLG>A_VERB/(A_LUO+(A_LUO=0)*$B21))*(A_MBLG-A_VERB/(A_LUO+(A_LUO=0)*$B21)))/A_MPG_E,0)*A_MPG_E)))>A_KAPR)*((A_FINF*A_FINV+(1-A_FINF)*(ROUNDUP((A_VERB/(A_LUO+(A_LUO=0)*$B21)+(A_MBLG>A_VERB/(A_LUO+(A_LUO=0)*$B21))*(A_MBLG-A_VERB/(A_LUO+(A_LUO=0)*$B21)))/A_MPG_E,0)*A_MPG_E+(A_IST>ROUNDUP((A_VERB/(A_LUO+(A_LUO=0)*$B21)+(A_MBLG>A_VERB/(A_LUO+(A_LUO=0)*$B21))*(A_MBLG-A_VERB/(A_LUO+(A_LUO=0)*$B21)))/A_MPG_E,0)*A_MPG_E)*(A_IST-ROUNDUP((A_VERB/(A_LUO+(A_LUO=0)*$B21)+(A_MBLG>A_VERB/(A_LUO+(A_LUO=0)*$B21))*(A_MBLG-A_VERB/(A_LUO+(A_LUO=0)*$B21)))/A_MPG_E,0)*A_MPG_E)))/(A_KAPR+(A_KAPR=0))-1))+(A_FACH=0)*((1-A_LOSE)*(A_GPT>0)*(A_FINF*A_FINN+(1-A_FINF)*(ROUNDUP((A_VERB/(A_LUO+(A_LUO=0)*$B21)+(A_MBLG>A_VERB/(A_LUO+(A_LUO=0)*$B21))*(A_MBLG-A_VERB/(A_LUO+(A_LUO=0)*$B21)))/A_MPG_E,0)+(A_ISTN>ROUNDUP((A_VERB/(A_LUO+(A_LUO=0)*$B21)+(A_MBLG>A_VERB/(A_LUO+(A_LUO=0)*$B21))*(A_MBLG-A_VERB/(A_LUO+(A_LUO=0)*$B21)))/A_MPG_E,0))*(A_ISTN-ROUNDUP((A_VERB/(A_LUO+(A_LUO=0)*$B21)+(A_MBLG>A_VERB/(A_LUO+(A_LUO=0)*$B21))*(A_MBLG-A_VERB/(A_LUO+(A_LUO=0)*$B21)))/A_MPG_E,0))))/(A_GPT+(A_GPT=0))+A_LOSE*((A_FINF*A_FINN+(1-A_FINF)*(ROUNDUP((A_VERB/(A_LUO+(A_LUO=0)*$B21)+(A_MBLG>A_VERB/(A_LUO+(A_LUO=0)*$B21))*(A_MBLG-A_VERB/(A_LUO+(A_LUO=0)*$B21)))/A_MPG_E,0)+(A_ISTN>ROUNDUP((A_VERB/(A_LUO+(A_LUO=0)*$B21)+(A_MBLG>A_VERB/(A_LUO+(A_LUO=0)*$B21))*(A_MBLG-A_VERB/(A_LUO+(A_LUO=0)*$B21)))/A_MPG_E,0))*(A_ISTN-ROUNDUP((A_VERB/(A_LUO+(A_LUO=0)*$B21)+(A_MBLG>A_VERB/(A_LUO+(A_LUO=0)*$B21))*(A_MBLG-A_VERB/(A_LUO+(A_LUO=0)*$B21)))/A_MPG_E,0))))>0)*A_LA*(1+(A_IST>0)*((A_FINF*A_FINN+(1-A_FINF)*(ROUNDUP((A_VERB/(A_LUO+(A_LUO=0)*$B21)+(A_MBLG>A_VERB/(A_LUO+(A_LUO=0)*$B21))*(A_MBLG-A_VERB/(A_LUO+(A_LUO=0)*$B21)))/A_MPG_E,0)+(A_ISTN>ROUNDUP((A_VERB/(A_LUO+(A_LUO=0)*$B21)+(A_MBLG>A_VERB/(A_LUO+(A_LUO=0)*$B21))*(A_MBLG-A_VERB/(A_LUO+(A_LUO=0)*$B21)))/A_MPG_E,0))*(A_ISTN-ROUNDUP((A_VERB/(A_LUO+(A_LUO=0)*$B21)+(A_MBLG>A_VERB/(A_LUO+(A_LUO=0)*$B21))*(A_MBLG-A_VERB/(A_LUO+(A_LUO=0)*$B21)))/A_MPG_E,0))))>A_IST)*((A_FINF*A_FINN+(1-A_FINF)*(ROUNDUP((A_VERB/(A_LUO+(A_LUO=0)*$B21)+(A_MBLG>A_VERB/(A_LUO+(A_LUO=0)*$B21))*(A_MBLG-A_VERB/(A_LUO+(A_LUO=0)*$B21)))/A_MPG_E,0)+(A_ISTN>ROUNDUP((A_VERB/(A_LUO+(A_LUO=0)*$B21)+(A_MBLG>A_VERB/(A_LUO+(A_LUO=0)*$B21))*(A_MBLG-A_VERB/(A_LUO+(A_LUO=0)*$B21)))/A_MPG_E,0))*(A_ISTN-ROUNDUP((A_VERB/(A_LUO+(A_LUO=0)*$B21)+(A_MBLG>A_VERB/(A_LUO+(A_LUO=0)*$B21))*(A_MBLG-A_VERB/(A_LUO+(A_LUO=0)*$B21)))/A_MPG_E,0))))/(A_IST+(A_IST=0))-1)))/MAX(0.1,N(Parameter!$M$21)))) -> 88.424242 | O21: =SUMPRODUCT((A_LIFT=3)*((A_FACH>0)*A_FACH*(1+(A_KAPR>0)*((A_FINF*A_FINV+(1-A_FINF)*(ROUNDUP((A_VERB/(A_LUO+(A_LUO=0)*$B21)+(A_MBLG>A_VERB/(A_LUO+(A_LUO=0)*$B21))*(A_MBLG-A_VERB/(A_LUO+(A_LUO=0)*$B21)))/A_MPG_E,0)*A_MPG_E+(A_IST>ROUNDUP((A_VERB/(A_LUO+(A_LUO=0)*$B21)+(A_MBLG>A_VERB/(A_LUO+(A_LUO=0)*$B21))*(A_MBLG-A_VERB/(A_LUO+(A_LUO=0)*$B21)))/A_MPG_E,0)*A_MPG_E)*(A_IST-ROUNDUP((A_VERB/(A_LUO+(A_LUO=0)*$B21)+(A_MBLG>A_VERB/(A_LUO+(A_LUO=0)*$B21))*(A_MBLG-A_VERB/(A_LUO+(A_LUO=0)*$B21)))/A_MPG_E,0)*A_MPG_E)))>A_KAPR)*((A_FINF*A_FINV+(1-A_FINF)*(ROUNDUP((A_VERB/(A_LUO+(A_LUO=0)*$B21)+(A_MBLG>A_VERB/(A_LUO+(A_LUO=0)*$B21))*(A_MBLG-A_VERB/(A_LUO+(A_LUO=0)*$B21)))/A_MPG_E,0)*A_MPG_E+(A_IST>ROUNDUP((A_VERB/(A_LUO+(A_LUO=0)*$B21)+(A_MBLG>A_VERB/(A_LUO+(A_LUO=0)*$B21))*(A_MBLG-A_VERB/(A_LUO+(A_LUO=0)*$B21)))/A_MPG_E,0)*A_MPG_E)*(A_IST-ROUNDUP((A_VERB/(A_LUO+(A_LUO=0)*$B21)+(A_MBLG>A_VERB/(A_LUO+(A_LUO=0)*$B21))*(A_MBLG-A_VERB/(A_LUO+(A_LUO=0)*$B21)))/A_MPG_E,0)*A_MPG_E)))/(A_KAPR+(A_KAPR=0))-1))+(A_FACH=0)*((1-A_LOSE)*(A_GPT>0)*(A_FINF*A_FINN+(1-A_FINF)*(ROUNDUP((A_VERB/(A_LUO+(A_LUO=0)*$B21)+(A_MBLG>A_VERB/(A_LUO+(A_LUO=0)*$B21))*(A_MBLG-A_VERB/(A_LUO+(A_LUO=0)*$B21)))/A_MPG_E,0)+(A_ISTN>ROUNDUP((A_VERB/(A_LUO+(A_LUO=0)*$B21)+(A_MBLG>A_VERB/(A_LUO+(A_LUO=0)*$B21))*(A_MBLG-A_VERB/(A_LUO+(A_LUO=0)*$B21)))/A_MPG_E,0))*(A_ISTN-ROUNDUP((A_VERB/(A_LUO+(A_LUO=0)*$B21)+(A_MBLG>A_VERB/(A_LUO+(A_LUO=0)*$B21))*(A_MBLG-A_VERB/(A_LUO+(A_LUO=0)*$B21)))/A_MPG_E,0))))/(A_GPT+(A_GPT=0))+A_LOSE*((A_FINF*A_FINN+(1-A_FINF)*(ROUNDUP((A_VERB/(A_LUO+(A_LUO=0)*$B21)+(A_MBLG>A_VERB/(A_LUO+(A_LUO=0)*$B21))*(A_MBLG-A_VERB/(A_LUO+(A_LUO=0)*$B21)))/A_MPG_E,0)+(A_ISTN>ROUNDUP((A_VERB/(A_LUO+(A_LUO=0)*$B21)+(A_MBLG>A_VERB/(A_LUO+(A_LUO=0)*$B21))*(A_MBLG-A_VERB/(A_LUO+(A_LUO=0)*$B21)))/A_MPG_E,0))*(A_ISTN-ROUNDUP((A_VERB/(A_LUO+(A_LUO=0)*$B21)+(A_MBLG>A_VERB/(A_LUO+(A_LUO=0)*$B21))*(A_MBLG-A_VERB/(A_LUO+(A_LUO=0)*$B21)))/A_MPG_E,0))))>0)*A_LA*(1+(A_IST>0)*((A_FINF*A_FINN+(1-A_FINF)*(ROUNDUP((A_VERB/(A_LUO+(A_LUO=0)*$B21)+(A_MBLG>A_VERB/(A_LUO+(A_LUO=0)*$B21))*(A_MBLG-A_VERB/(A_LUO+(A_LUO=0)*$B21)))/A_MPG_E,0)+(A_ISTN>ROUNDUP((A_VERB/(A_LUO+(A_LUO=0)*$B21)+(A_MBLG>A_VERB/(A_LUO+(A_LUO=0)*$B21))*(A_MBLG-A_VERB/(A_LUO+(A_LUO=0)*$B21)))/A_MPG_E,0))*(A_ISTN-ROUNDUP((A_VERB/(A_LUO+(A_LUO=0)*$B21)+(A_MBLG>A_VERB/(A_LUO+(A_LUO=0)*$B21))*(A_MBLG-A_VERB/(A_LUO+(A_LUO=0)*$B21)))/A_MPG_E,0))))>A_IST)*((A_FINF*A_FINN+(1-A_FINF)*(ROUNDUP((A_VERB/(A_LUO+(A_LUO=0)*$B21)+(A_MBLG>A_VERB/(A_LUO+(A_LUO=0)*$B21))*(A_MBLG-A_VERB/(A_LUO+(A_LUO=0)*$B21)))/A_MPG_E,0)+(A_ISTN>ROUNDUP((A_VERB/(A_LUO+(A_LUO=0)*$B21)+(A_MBLG>A_VERB/(A_LUO+(A_LUO=0)*$B21))*(A_MBLG-A_VERB/(A_LUO+(A_LUO=0)*$B21)))/A_MPG_E,0))*(A_ISTN-ROUNDUP((A_VERB/(A_LUO+(A_LUO=0)*$B21)+(A_MBLG>A_VERB/(A_LUO+(A_LUO=0)*$B21))*(A_MBLG-A_VERB/(A_LUO+(A_LUO=0)*$B21)))/A_MPG_E,0))))/(A_IST+(A_IST=0))-1)))/MAX(0.1,N(Parameter!$M$21)))) -> 37.246563 | P21: =SUMPRODUCT((A_LIFT="Aussen")*((A_FACH>0)*A_FACH*(1+(A_KAPR>0)*((A_FINF*A_FINV+(1-A_FINF)*(ROUNDUP((A_VERB/(A_LUO+(A_LUO=0)*$B21)+(A_MBLG>A_VERB/(A_LUO+(A_LUO=0)*$B21))*(A_MBLG-A_VERB/(A_LUO+(A_LUO=0)*$B21)))/A_MPG_E,0)*A_MPG_E+(A_IST>ROUNDUP((A_VERB/(A_LUO+(A_LUO=0)*$B21)+(A_MBLG>A_VERB/(A_LUO+(A_LUO=0)*$B21))*(A_MBLG-A_VERB/(A_LUO+(A_LUO=0)*$B21)))/A_MPG_E,0)*A_MPG_E)*(A_IST-ROUNDUP((A_VERB/(A_LUO+(A_LUO=0)*$B21)+(A_MBLG>A_VERB/(A_LUO+(A_LUO=0)*$B21))*(A_MBLG-A_VERB/(A_LUO+(A_LUO=0)*$B21)))/A_MPG_E,0)*A_MPG_E)))>A_KAPR)*((A_FINF*A_FINV+(1-A_FINF)*(ROUNDUP((A_VERB/(A_LUO+(A_LUO=0)*$B21)+(A_MBLG>A_VERB/(A_LUO+(A_LUO=0)*$B21))*(A_MBLG-A_VERB/(A_LUO+(A_LUO=0)*$B21)))/A_MPG_E,0)*A_MPG_E+(A_IST>ROUNDUP((A_VERB/(A_LUO+(A_LUO=0)*$B21)+(A_MBLG>A_VERB/(A_LUO+(A_LUO=0)*$B21))*(A_MBLG-A_VERB/(A_LUO+(A_LUO=0)*$B21)))/A_MPG_E,0)*A_MPG_E)*(A_IST-ROUNDUP((A_VERB/(A_LUO+(A_LUO=0)*$B21)+(A_MBLG>A_VERB/(A_LUO+(A_LUO=0)*$B21))*(A_MBLG-A_VERB/(A_LUO+(A_LUO=0)*$B21)))/A_MPG_E,0)*A_MPG_E)))/(A_KAPR+(A_KAPR=0))-1))+(A_FACH=0)*((1-A_LOSE)*(A_GPT>0)*(A_FINF*A_FINN+(1-A_FINF)*(ROUNDUP((A_VERB/(A_LUO+(A_LUO=0)*$B21)+(A_MBLG>A_VERB/(A_LUO+(A_LUO=0)*$B21))*(A_MBLG-A_VERB/(A_LUO+(A_LUO=0)*$B21)))/A_MPG_E,0)+(A_ISTN>ROUNDUP((A_VERB/(A_LUO+(A_LUO=0)*$B21)+(A_MBLG>A_VERB/(A_LUO+(A_LUO=0)*$B21))*(A_MBLG-A_VERB/(A_LUO+(A_LUO=0)*$B21)))/A_MPG_E,0))*(A_ISTN-ROUNDUP((A_VERB/(A_LUO+(A_LUO=0)*$B21)+(A_MBLG>A_VERB/(A_LUO+(A_LUO=0)*$B21))*(A_MBLG-A_VERB/(A_LUO+(A_LUO=0)*$B21)))/A_MPG_E,0))))/(A_GPT+(A_GPT=0))+A_LOSE*((A_FINF*A_FINN+(1-A_FINF)*(ROUNDUP((A_VERB/(A_LUO+(A_LUO=0)*$B21)+(A_MBLG>A_VERB/(A_LUO+(A_LUO=0)*$B21))*(A_MBLG-A_VERB/(A_LUO+(A_LUO=0)*$B21)))/A_MPG_E,0)+(A_ISTN>ROUNDUP((A_VERB/(A_LUO+(A_LUO=0)*$B21)+(A_MBLG>A_VERB/(A_LUO+(A_LUO=0)*$B21))*(A_MBLG-A_VERB/(A_LUO+(A_LUO=0)*$B21)))/A_MPG_E,0))*(A_ISTN-ROUNDUP((A_VERB/(A_LUO+(A_LUO=0)*$B21)+(A_MBLG>A_VERB/(A_LUO+(A_LUO=0)*$B21))*(A_MBLG-A_VERB/(A_LUO+(A_LUO=0)*$B21)))/A_MPG_E,0))))>0)*A_LA*(1+(A_IST>0)*((A_FINF*A_FINN+(1-A_FINF)*(ROUNDUP((A_VERB/(A_LUO+(A_LUO=0)*$B21)+(A_MBLG>A_VERB/(A_LUO+(A_LUO=0)*$B21))*(A_MBLG-A_VERB/(A_LUO+(A_LUO=0)*$B21)))/A_MPG_E,0)+(A_ISTN>ROUNDUP((A_VERB/(A_LUO+(A_LUO=0)*$B21)+(A_MBLG>A_VERB/(A_LUO+(A_LUO=0)*$B21))*(A_MBLG-A_VERB/(A_LUO+(A_LUO=0)*$B21)))/A_MPG_E,0))*(A_ISTN-ROUNDUP((A_VERB/(A_LUO+(A_LUO=0)*$B21)+(A_MBLG>A_VERB/(A_LUO+(A_LUO=0)*$B21))*(A_MBLG-A_VERB/(A_LUO+(A_LUO=0)*$B21)))/A_MPG_E,0))))>A_IST)*((A_FINF*A_FINN+(1-A_FINF)*(ROUNDUP((A_VERB/(A_LUO+(A_LUO=0)*$B21)+(A_MBLG>A_VERB/(A_LUO+(A_LUO=0)*$B21))*(A_MBLG-A_VERB/(A_LUO+(A_LUO=0)*$B21)))/A_MPG_E,0)+(A_ISTN>ROUNDUP((A_VERB/(A_LUO+(A_LUO=0)*$B21)+(A_MBLG>A_VERB/(A_LUO+(A_LUO=0)*$B21))*(A_MBLG-A_VERB/(A_LUO+(A_LUO=0)*$B21)))/A_MPG_E,0))*(A_ISTN-ROUNDUP((A_VERB/(A_LUO+(A_LUO=0)*$B21)+(A_MBLG>A_VERB/(A_LUO+(A_LUO=0)*$B21))*(A_MBLG-A_VERB/(A_LUO+(A_LUO=0)*$B21)))/A_MPG_E,0))))/(A_IST+(A_IST=0))-1)))/MAX(0.1,N(Parameter!$M$21)))) -> 0
A23: Ab welchem LU passt alles in die Lifte?
A24: Variante B (nach Abbau Überbestand): | E24: =IFERROR("ab LU "&INDEX(B6:B13,MATCH("JA",H6:H13,0)),"bei keinem LU der Liste") -> bei keinem LU der Liste
A25: Variante C (Überbestand bleibt): | E25: =IFERROR("ab LU "&INDEX(B14:B21,MATCH("JA",H14:H21,0)),"bei keinem LU der Liste") -> bei keinem LU der Liste
A26: (Annahme: LU-Liste aufsteigend sortiert. Ist-Bestand: siehe Zeile 5.)
A28: Diagrammdaten
A29: Ziel-LU | B29: B – Total % | C29: C – Total % | D29: 100 % | E29: Ist – Total %
A30: =B6 -> 1 | B30: =G6 -> 1.7796924 | C30: =G14 -> 1.8846382 | D30: 1 | E30: =$G$5 -> 1.0060973
A31: =B7 -> 1.5 | B31: =G7 -> 1.4593611 | C31: =G15 -> 1.5698741 | D31: 1 | E31: =$G$5 -> 1.0060973
A32: =B8 -> 2 | B32: =G8 -> 1.3083805 | C32: =G16 -> 1.4216013 | D32: 1 | E32: =$G$5 -> 1.0060973
A33: =B9 -> 2.5 | B33: =G9 -> 1.2464963 | C33: =G17 -> 1.3619393 | D33: 1 | E33: =$G$5 -> 1.0060973
A34: =B10 -> 3 | B34: =G10 -> 1.201435 | C34: =G18 -> 1.3182456 | D34: 1 | E34: =$G$5 -> 1.0060973
A35: =B11 -> 4 | B35: =G11 -> 1.1585415 | C35: =G19 -> 1.2778307 | D35: 1 | E35: =$G$5 -> 1.0060973
A36: =B12 -> 5 | B36: =G12 -> 1.1382021 | C36: =G20 -> 1.2588588 | D36: 1 | E36: =$G$5 -> 1.0060973
A37: =B13 -> 6 | B37: =G13 -> 1.1280543 | C37: =G21 -> 1.248711 | D37: 1 | E37: =$G$5 -> 1.0060973

Sheet Artikel
A1: Artikel – eine Zeile pro Artikel
A2: Gelb = Eingabe (leer lassen = Vorschlag gilt). Weiss = Formel. Spalten A1–A3 = Cockpit-Ansichten 1–3 (Gruppen mit + / – auf- und zuklappen). Ganz rechts: Hilfsspalten.
A3: Datenstand: Kennzahlen-Auszug (Kennzahlen_Lager_Auszug.xlsx), Gebinde aus Artikelstamm_mit_Verbrauch_und_Gebinde_Umschlag_2_20260520.xlsx. Erzeugt 05.10.2026.
AF5: ="Ansicht 1: "&Cockpit!$C$5&IF(LEFT(Cockpit!$C$5,1)="A",""," / LU "&Cockpit!$C$6) -> Ansicht 1: A – Ist-Bestand | AN5: ="Ansicht 2: "&Cockpit!$I$5&IF(LEFT(Cockpit!$I$5,1)="A",""," / LU "&Cockpit!$I$6) -> Ansicht 2: C – Ziel-LU oder Ist / LU 2 | AV5: ="Ansicht 3: "&Cockpit!$O$5&IF(LEFT(Cockpit!$O$5,1)="A",""," / LU "&Cockpit!$O$6) -> Ansicht 3: C – Ziel-LU oder Ist / LU 3 | BK5: Hilfsspalten (nicht ändern)
A6: Artikelnummer | B6: Bezeichnung | C6: Status | D6: Hauptlager | E6: Lager in Zukunft | F6: ABC | G6: Preis CHF | H6: Ist-Bestand | I6: Ist-Wert CHF | J6: Verbrauch 12 Monate | K6: Ø-Bestand | L6: IST-LU | M6: Mindestbestand (MB) | N6: Losgrösse (LG) | O6: WBZ Tage | P6: Gebindekategorie | Q6: Menge pro Gebinde | R6: Gebinde je Tablar | S6: Tablare lose (ganzer Bestand) | T6: Schätzklasse lose | U6: Gebindekategorie neu | V6: Menge pro Gebinde neu | W6: Lift lt. Liftbericht | X6: Fach-Kapazität Stk (Liftbericht) | Y6: Bestand lt. Liftbericht | Z6: Lift Vorschlag | AA6: Lift manuell | AB6: Ziel-LU Artikel | AC6: MAX Variante B (Ansicht 2) | AD6: MAX Variante C (Ansicht 2) | AE6: MAX final | AF6: A1 Menge | AG6: A1 Anzahl Gebinde | AH6: A1 Tablare | AI6: A1 Wert CHF | AJ6: A1 MAX B (Hilfe) | AK6: A1 Priorität Verbr./Tablar (Hilfe) | AL6: A1 Fläche kumuliert (Hilfe) | AM6: A1 Anteil im Lift (Hilfe) | AN6: A2 Menge | AO6: A2 Anzahl Gebinde | AP6: A2 Tablare | AQ6: A2 Wert CHF | AR6: A2 MAX B (Hilfe) | AS6: A2 Priorität Verbr./Tablar (Hilfe) | AT6: A2 Fläche kumuliert (Hilfe) | AU6: A2 Anteil im Lift (Hilfe) | AV6: A3 Menge | AW6: A3 Anzahl Gebinde | AX6: A3 Tablare | AY6: A3 Wert CHF | AZ6: A3 MAX B (Hilfe) | BA6: A3 Priorität Verbr./Tablar (Hilfe) | BB6: A3 Fläche kumuliert (Hilfe) | BC6: A3 Anteil im Lift (Hilfe) | BD6: Lagerort Ansicht 1 | BE6: Lagerort Ansicht 2 | BF6: Lagerort Ansicht 3 | BG6: Hinweise | BH6: Ursache (Kennzahlen) | BI6: Aktion (Kennzahlen) | BJ6: Kommentar Diskussion | BK6: Export Bestandsmenge (G) | BL6: Export Jahresanfang 2025 (T) | BM6: Export Bestandswert (H) | BN6: Verbrauch Export (Zeitraum) | BO6: Bemerkungen Artikelstamm | BP6: Neu (1/0) | BQ6: Zeile | BR6: Gebinde wirksam | BS6: Menge/Gebinde wirksam | BT6: Lose (1/0) | BU6: Gebinde geschätzt (1/0) | BV6: Liftregel (LiZ/Hauptlager) | BW6: Tablare lose wirksam | BX6: Lift wirksam | BY6: Liftgruppe | BZ6: Ziel-LU Artikel (0=keiner) | CA6: MAX final gesetzt | CB6: MAX final Wert | CC6: MB + LG | CD6: Gebinde bei Ist | CE6: Gebinde bei MAX final | CF6: Gebindehöhe cm | CG6: max. Ladehöhe Lift mm | CH6: Fach lt. Liftbericht (Tablare)
A7: 101749 | B7: Austrittsdüse | C7: F | D7: LIFT1 | E7: Kardex Schwer | F7: A | G7: 3724.72 | H7: =MAX(0,IF(AND(Parameter!$B$21="Ja",ISNUMBER(Y7)),Y7,IF(Parameter!$B$20="Jahresanfang 2025 + Export",BL7+BK7,BK7))) -> 18 | I7: =H7*G7 -> 67044.96 | J7: =BN7*Parameter!$B$18 -> 7 | K7: 12.5 | L7: 0.56 | M7: 2 | N7: 5 | O7: 28 | P7: LOSE | R7: =IF(BT7=1,0,IFERROR(VLOOKUP(BR7,'Gebinde-Kategorie'!$A$5:$M$45,13,0)+0,0)) -> 0 | W7: 1 | X7: 22 | Y7: 18 | Z7: =IF(A7="","",IF(AND(Parameter!$B$21="Ja",ISNUMBER(W7)),W7,IF(BV7="2+3",IF(ISNUMBER(SEARCH("grosser Artikel",BO7)),2,IFERROR(VLOOKUP(BR7,Parameter!$F$35:$G$64,2,0),2)),IF(OR(BV7="Nein",BV7=""),"-",BV7)))) -> 1 | AC7: =AR7 -> 7 | AD7: =MAX(AR7,H7) -> 18 | AF7: =IF(LEFT(Cockpit!$C$5,1)="A",H7,IF(CA7=1,CB7,IF(LEFT(Cockpit!$C$5,1)="B",AJ7,MAX(AJ7,H7)))) -> 18 | AG7: =IF(BT7=1,0,ROUNDUP(AF7/BS7,0)) -> 0 | AH7: =IF(CH7>0,CH7*MAX(1,AF7/X7),IF(BT7=1,IF(AF7<=0,0,BW7*MAX(1,IF(H7>0,AF7/H7,1))),IF(R7>0,AG7/R7,0))/MAX(0.1,N(Parameter!$M$21))) -> 1.7608286 | AI7: =AF7*G7 -> 67044.96 | AJ7: =ROUNDUP(MAX(J7/IF(BZ7>0,BZ7,MAX(0.1,N(Cockpit!$C$6))),CC7)/BS7,0)*BS7 -> 7 | AK7: =IF(AH7>0,J7/AH7,-1) -> 3.9754011 | AL7: =IF(AND(OR(BY7="L1",BY7="L23"),AH7>0),SUMIFS($AH$7:$AH$1843,$BY$7:$BY$1843,BY7,$AK$7:$AK$1843,">"&AK7)+SUMIFS($AH$7:$AH$1843,$BY$7:$BY$1843,BY7,$AK$7:$AK$1843,AK7,$BQ$7:$BQ$1843,"<="&BQ7),"") -> 46.341232 | AM7: =IF(AL7="",0,MAX(0,MIN(1,(IF(BY7="L1",Parameter!$E$5,Parameter!$E$6+Parameter!$E$7)-(AL7-AH7))/AH7))) -> 1 | AN7: =IF(LEFT(Cockpit!$I$5,1)="A",H7,IF(CA7=1,CB7,IF(LEFT(Cockpit!$I$5,1)="B",AR7,MAX(AR7,H7)))) -> 18 | AO7: =IF(BT7=1,0,ROUNDUP(AN7/BS7,0)) -> 0 | AP7: =IF(CH7>0,CH7*MAX(1,AN7/X7),IF(BT7=1,IF(AN7<=0,0,BW7*MAX(1,IF(H7>0,AN7/H7,1))),IF(R7>0,AO7/R7,0))/MAX(0.1,N(Parameter!$M$21))) -> 1.7608286 | AQ7: =AN7*G7 -> 67044.96 | AR7: =ROUNDUP(MAX(J7/IF(BZ7>0,BZ7,MAX(0.1,N(Cockpit!$I$6))),CC7)/BS7,0)*BS7 -> 7 | AS7: =IF(AP7>0,J7/AP7,-1) -> 3.9754011 | AT7: =IF(AND(OR(BY7="L1",BY7="L23"),AP7>0),SUMIFS($AP$7:$AP$1843,$BY$7:$BY$1843,BY7,$AS$7:$AS$1843,">"&AS7)+SUMIFS($AP$7:$AP$1843,$BY$7:$BY$1843,BY7,$AS$7:$AS$1843,AS7,$BQ$7:$BQ$1843,"<="&BQ7),"") -> 61.213823 | AU7: =IF(AT7="",0,MAX(0,MIN(1,(IF(BY7="L1",Parameter!$E$5,Parameter!$E$6+Parameter!$E$7)-(AT7-AP7))/AP7))) -> 0 | AV7: =IF(LEFT(Cockpit!$O$5,1)="A",H7,IF(CA7=1,CB7,IF(LEFT(Cockpit!$O$5,1)="B",AZ7,MAX(AZ7,H7)))) -> 18 | AW7: =IF(BT7=1,0,ROUNDUP(AV7/BS7,0)) -> 0 | AX7: =IF(CH7>0,CH7*MAX(1,AV7/X7),IF(BT7=1,IF(AV7<=0,0,BW7*MAX(1,IF(H7>0,AV7/H7,1))),IF(R7>0,AW7/R7,0))/MAX(0.1,N(Parameter!$M$21))) -> 1.7608286 | AY7: =AV7*G7 -> 67044.96 | AZ7: =ROUNDUP(MAX(J7/IF(BZ7>0,BZ7,MAX(0.1,N(Cockpit!$O$6))),CC7)/BS7,0)*BS7 -> 7 | BA7: =IF(AX7>0,J7/AX7,-1) -> 3.9754011 | BB7: =IF(AND(OR(BY7="L1",BY7="L23"),AX7>0),SUMIFS($AX$7:$AX$1843,$BY$7:$BY$1843,BY7,$BA$7:$BA$1843,">"&BA7)+SUMIFS($AX$7:$AX$1843,$BY$7:$BY$1843,BY7,$BA$7:$BA$1843,BA7,$BQ$7:$BQ$1843,"<="&BQ7),"") -> 54.880635 | BC7: =IF(BB7="",0,MAX(0,MIN(1,(IF(BY7="L1",Parameter!$E$5,Parameter!$E$6+Parameter!$E$7)-(BB7-AX7))/AX7))) -> 0 | BD7: =IF(AH7<=0,"",IF(BY7="Aussen","Aussenlager",IF(BY7="-","Nicht im Lift",IF(AM7>=1,"Lift",IF(AM7<=0,"Aussenlager","teilweise"))))) -> Lift | BE7: =IF(AP7<=0,"",IF(BY7="Aussen","Aussenlager",IF(BY7="-","Nicht im Lift",IF(AU7>=1,"Lift",IF(AU7<=0,"Aussenlager","teilweise"))))) -> Aussenlager | BF7: =IF(AX7<=0,"",IF(BY7="Aussen","Aussenlager",IF(BY7="-","Nicht im Lift",IF(BC7>=1,"Lift",IF(BC7<=0,"Aussenlager","teilweise"))))) -> Aussenlager | BG7: =IF(A7="","",IF(BP7=1,"Neu; ","")&IF(AND(BP7=0,BK7<0),"negativer Bestand (Export "&BK7&"); ","")&IF(J7<=0,"Kein Verbrauch; ","")&IF(CH7>0,"Lift "&W7&" lt. Liftbericht (Fach "&X7&" Stk); ",IF(BU7=1,"Gebinde geschätzt ("&T7&"); ",IF(BT7=1,"Lose – Tablare geschätzt; ","")))&IF(H7>AR7,"Überbestand "&ROUND(H7-AR7,0)&" Stk / CHF "&ROUND((H7-AR7)*G7,0)&"; ","")&IF(AND(CA7=1,CB7<CC7),"MAX < MB+LG; ","")&IF(AND(CG7>0,CF7*10>CG7),"zu hoch für Tablar; ","")&IF(AND(BP7=0,OR(CA7=1,AA7<>"",U7<>"",V7<>"",AB7<>"")),"manuell übersteuert; ","")&IF(AND(BT7=0,R7=0),"Gebinde unbekannt / Stellmass fehlt; ","")&IF(AND(BT7=0,N(V7)<=0,N(Q7)<=0),"Menge pro Gebinde fehlt (Ist = 1 Gebinde); ","")&BO7) -> Lift 1 lt. Liftbericht (Fach 22 Stk); Überbestand 11 Stk / CHF 40972; | BH7: W20000453 - Umarbeit von 107817 zu 101749 (Plan: 09/2025, Gelief.: 01.2026) + Bestellung 80017631 9 Stk. 10/2025. Bedarf durch FC vorher erhöht, daraufhin wurde zwischendurch bestellt, da Liefertermine unklar gewesen sind: https://www.meistertask.com/app/task/x119P4tZ -> MB keine Veränderung | BI7: Weitere Umarbeit möglich? 101411 - möglich, falls ja wie Nachbestellung verhindern? Auslaufartikel + Info in Artikel mit Alternativartikel? | BK7: 20 | BL7: 7 | BM7: 75034.94 | BN7: 7 | BP7: 0 | BQ7: 7 | BR7: =IF(U7<>"",UPPER(TRIM(U7)),IF(BU7=1,UPPER(VLOOKUP(T7,Parameter!$I$27:$K$29,2,0)),IF(P7="","LOSE",P7))) -> LOSE | BS7: =IF(BR7="LOSE",1,IF(N(V7)>0,V7,IF(BU7=1,MAX(1,N(VLOOKUP(T7,Parameter!$I$27:$K$29,3,0)),H7,N(N7)),IF(N(Q7)>0,Q7,MAX(1,H7))))) -> 1 | BT7: =IF(BR7="LOSE",1,0) -> 1 | BU7: =IF(AND(U7="",OR(P7="",P7="LOSE"),T7<>"",N(S7)<=0,ISNUMBER(MATCH(T7,Parameter!$I$27:$I$29,0))),1,0) -> 0 | BV7: =IF(AND(Parameter!$B$19="Ja",E7<>"",ISNUMBER(MATCH(E7,Parameter!$I$35:$I$52,0))),VLOOKUP(E7,Parameter!$I$35:$J$52,2,0),IFERROR(VLOOKUP(D7,Parameter!$A$35:$C$64,2,0),"Nein")) -> 1 | BW7: =IF(BT7=0,0,IF(N(S7)>0,S7,IFERROR(VLOOKUP(D7,Parameter!$A$35:$C$64,3,0)+0,0))) -> 1 | BX7: =IF(AA7<>"",AA7,Z7) -> 1 | BY7: =IF(BX7=1,"L1",IF(OR(BX7=2,BX7=3),"L23",IF(BX7="Aussen","Aussen","-"))) -> L1 | BZ7: =IF(N(AB7)>0,AB7,0) -> 0 | CA7: =IF(ISNUMBER(AE7),1,0) -> 0 | CB7: =N(AE7) -> 0 | CC7: =N(M7)+N(N7) -> 7 | CD7: =ROUNDUP(H7/BS7,0) -> 18 | CE7: =ROUNDUP(CB7/BS7,0) -> 0 | CF7: =IF(BT7=1,0,IFERROR(VLOOKUP(BR7,'Gebinde-Kategorie'!$A$5:$M$45,5,0)+0,0)) -> 0 | CG7: =IFERROR(IF(OR(BX7=1,BX7=2,BX7=3),N(INDEX(Parameter!$I$5:$I$7,BX7)),0),0) -> 0 | CH7: =IF(AND(Parameter!$B$21="Ja",ISNUMBER(W7),N(X7)>0),IFERROR(N(INDEX(Parameter!$L$5:$L$7,W7))*INDEX(Parameter!$E$5:$E$7,W7)*X7/SUMIFS($X$7:$X$1843,$W$7:$W$1843,W7),0),0) -> 1.7608286
A8: 110390 | B8: Elektro-Set - Aufrüstung SPC800 V3.0.0 | C8: A | D8: PAL | F8: A | G8: 718.84 | H8: =MAX(0,IF(AND(Parameter!$B$21="Ja",ISNUMBER(Y8)),Y8,IF(Parameter!$B$20="Jahresanfang 2025 + Export",BL8+BK8,BK8))) -> 94 | I8: =H8*G8 -> 67570.96 | J8: =BN8*Parameter!$B$18 -> 2 | K8: 74 | L8: 0.027027027 | M8: 0 | N8: 1 | O8: 14 | P8: S71 | Q8: 14 | R8: =IF(BT8=1,0,IFERROR(VLOOKUP(BR8,'Gebinde-Kategorie'!$A$5:$M$45,13,0)+0,0)) -> 6 | Z8: =IF(A8="","",IF(AND(Parameter!$B$21="Ja",ISNUMBER(W8)),W8,IF(BV8="2+3",IF(ISNUMBER(SEARCH("grosser Artikel",BO8)),2,IFERROR(VLOOKUP(BR8,Parameter!$F$35:$G$64,2,0),2)),IF(OR(BV8="Nein",BV8=""),"-",BV8)))) -> 2 | AC8: =AR8 -> 14 | AD8: =MAX(AR8,H8) -> 94 | AF8: =IF(LEFT(Cockpit!$C$5,1)="A",H8,IF(CA8=1,CB8,IF(LEFT(Cockpit!$C$5,1)="B",AJ8,MAX(AJ8,H8)))) -> 94 | AG8: =IF(BT8=1,0,ROUNDUP(AF8/BS8,0)) -> 7 | AH8: =IF(CH8>0,CH8*MAX(1,AF8/X8),IF(BT8=1,IF(AF8<=0,0,BW8*MAX(1,IF(H8>0,AF8/H8,1))),IF(R8>0,AG8/R8,0))/MAX(0.1,N(Parameter!$M$21))) -> 1.1666667 | AI8: =AF8*G8 -> 67570.96 | AJ8: =ROUNDUP(MAX(J8/IF(BZ8>0,BZ8,MAX(0.1,N(Cockpit!$C$6))),CC8)/BS8,0)*BS8 -> 14 | AK8: =IF(AH8>0,J8/AH8,-1) -> 1.7142857 | AL8: =IF(AND(OR(BY8="L1",BY8="L23"),AH8>0),SUMIFS($AH$7:$AH$1843,$BY$7:$BY$1843,BY8,$AK$7:$AK$1843,">"&AK8)+SUMIFS($AH$7:$AH$1843,$BY$7:$BY$1843,BY8,$AK$7:$AK$1843,AK8,$BQ$7:$BQ$1843,"<="&BQ8),"") -> 59.992027 | AM8: =IF(AL8="",0,MAX(0,MIN(1,(IF(BY8="L1",Parameter!$E$5,Parameter!$E$6+Parameter!$E$7)-(AL8-AH8))/AH8))) -> 1 | AN8: =IF(LEFT(Cockpit!$I$5,1)="A",H8,IF(CA8=1,CB8,IF(LEFT(Cockpit!$I$5,1)="B",AR8,MAX(AR8,H8)))) -> 94 | AO8: =IF(BT8=1,0,ROUNDUP(AN8/BS8,0)) -> 7 | AP8: =IF(CH8>0,CH8*MAX(1,AN8/X8),IF(BT8=1,IF(AN8<=0,0,BW8*MAX(1,IF(H8>0,AN8/H8,1))),IF(R8>0,AO8/R8,0))/MAX(0.1,N(Parameter!$M$21))) -> 1.1666667 | AQ8: =AN8*G8 -> 67570.96 | AR8: =ROUNDUP(MAX(J8/IF(BZ8>0,BZ8,MAX(0.1,N(Cockpit!$I$6))),CC8)/BS8,0)*BS8 -> 14 | AS8: =IF(AP8>0,J8/AP8,-1) -> 1.7142857 | AT8: =IF(AND(OR(BY8="L1",BY8="L23"),AP8>0),SUMIFS($AP$7:$AP$1843,$BY$7:$BY$1843,BY8,$AS$7:$AS$1843,">"&AS8)+SUMIFS($AP$7:$AP$1843,$BY$7:$BY$1843,BY8,$AS$7:$AS$1843,AS8,$BQ$7:$BQ$1843,"<="&BQ8),"") -> 99.082818 | AU8: =IF(AT8="",0,MAX(0,MIN(1,(IF(BY8="L1",Parameter!$E$5,Parameter!$E$6+Parameter!$E$7)-(AT8-AP8))/AP8))) -> 1 | AV8: =IF(LEFT(Cockpit!$O$5,1)="A",H8,IF(CA8=1,CB8,IF(LEFT(Cockpit!$O$5,1)="B",AZ8,MAX(AZ8,H8)))) -> 94 | AW8: =IF(BT8=1,0,ROUNDUP(AV8/BS8,0)) -> 7 | AX8: =IF(CH8>0,CH8*MAX(1,AV8/X8),IF(BT8=1,IF(AV8<=0,0,BW8*MAX(1,IF(H8>0,AV8/H8,1))),IF(R8>0,AW8/R8,0))/MAX(0.1,N(Parameter!$M$21))) -> 1.1666667 | AY8: =AV8*G8 -> 67570.96 | AZ8: =ROUNDUP(MAX(J8/IF(BZ8>0,BZ8,MAX(0.1,N(Cockpit!$O$6))),CC8)/BS8,0)*BS8 -> 14 | BA8: =IF(AX8>0,J8/AX8,-1) -> 1.7142857 | BB8: =IF(AND(OR(BY8="L1",BY8="L23"),AX8>0),SUMIFS($AX$7:$AX$1843,$BY$7:$BY$1843,BY8,$BA$7:$BA$1843,">"&BA8)+SUMIFS($AX$7:$AX$1843,$BY$7:$BY$1843,BY8,$BA$7:$BA$1843,BA8,$BQ$7:$BQ$1843,"<="&BQ8),"") -> 89.912655 | BC8: =IF(BB8="",0,MAX(0,MIN(1,(IF(BY8="L1",Parameter!$E$5,Parameter!$E$6+Parameter!$E$7)-(BB8-AX8))/AX8))) -> 1 | BD8: =IF(AH8<=0,"",IF(BY8="Aussen","Aussenlager",IF(BY8="-","Nicht im Lift",IF(AM8>=1,"Lift",IF(AM8<=0,"Aussenlager","teilweise"))))) -> Lift | BE8: =IF(AP8<=0,"",IF(BY8="Aussen","Aussenlager",IF(BY8="-","Nicht im Lift",IF(AU8>=1,"Lift",IF(AU8<=0,"Aussenlager","teilweise"))))) -> Lift | BF8: =IF(AX8<=0,"",IF(BY8="Aussen","Aussenlager",IF(BY8="-","Nicht im Lift",IF(BC8>=1,"Lift",IF(BC8<=0,"Aussenlager","teilweise"))))) -> Lift | BG8: =IF(A8="","",IF(BP8=1,"Neu; ","")&IF(AND(BP8=0,BK8<0),"negativer Bestand (Export "&BK8&"); ","")&IF(J8<=0,"Kein Verbrauch; ","")&IF(CH8>0,"Lift "&W8&" lt. Liftbericht (Fach "&X8&" Stk); ",IF(BU8=1,"Gebinde geschätzt ("&T8&"); ",IF(BT8=1,"Lose – Tablare geschätzt; ","")))&IF(H8>AR8,"Überbestand "&ROUND(H8-AR8,0)&" Stk / CHF "&ROUND((H8-AR8)*G8,0)&"; ","")&IF(AND(CA8=1,CB8<CC8),"MAX < MB+LG; ","")&IF(AND(CG8>0,CF8*10>CG8),"zu hoch für Tablar; ","")&IF(AND(BP8=0,OR(CA8=1,AA8<>"",U8<>"",V8<>"",AB8<>"")),"manuell übersteuert; ","")&IF(AND(BT8=0,R8=0),"Gebinde unbekannt / Stellmass fehlt; ","")&IF(AND(BT8=0,N(V8)<=0,N(Q8)<=0),"Menge pro Gebinde fehlt (Ist = 1 Gebinde); ","")&BO8) -> Überbestand 80 Stk / CHF 57507; | BH8: Bedarf durch Upgrade auf V3.2 - Vorproduktion | BI8: Abklären, wann diese gebraucht werden | BK8: 94 | BL8: 0 | BM8: 67570.96 | BN8: 2 | BP8: 0 | BQ8: 8 | BR8: =IF(U8<>"",UPPER(TRIM(U8)),IF(BU8=1,UPPER(VLOOKUP(T8,Parameter!$I$27:$K$29,2,0)),IF(P8="","LOSE",P8))) -> S71 | BS8: =IF(BR8="LOSE",1,IF(N(V8)>0,V8,IF(BU8=1,MAX(1,N(VLOOKUP(T8,Parameter!$I$27:$K$29,3,0)),H8,N(N8)),IF(N(Q8)>0,Q8,MAX(1,H8))))) -> 14 | BT8: =IF(BR8="LOSE",1,0) -> 0 | BU8: =IF(AND(U8="",OR(P8="",P8="LOSE"),T8<>"",N(S8)<=0,ISNUMBER(MATCH(T8,Parameter!$I$27:$I$29,0))),1,0) -> 0 | BV8: =IF(AND(Parameter!$B$19="Ja",E8<>"",ISNUMBER(MATCH(E8,Parameter!$I$35:$I$52,0))),VLOOKUP(E8,Parameter!$I$35:$J$52,2,0),IFERROR(VLOOKUP(D8,Parameter!$A$35:$C$64,2,0),"Nein")) -> 2+3 | BW8: =IF(BT8=0,0,IF(N(S8)>0,S8,IFERROR(VLOOKUP(D8,Parameter!$A$35:$C$64,3,0)+0,0))) -> 0 | BX8: =IF(AA8<>"",AA8,Z8) -> 2 | BY8: =IF(BX8=1,"L1",IF(OR(BX8=2,BX8=3),"L23",IF(BX8="Aussen","Aussen","-"))) -> L23 | BZ8: =IF(N(AB8)>0,AB8,0) -> 0 | CA8: =IF(ISNUMBER(AE8),1,0) -> 0 | CB8: =N(AE8) -> 0 | CC8: =N(M8)+N(N8) -> 1 | CD8: =ROUNDUP(H8/BS8,0) -> 7 | CE8: =ROUNDUP(CB8/BS8,0) -> 0 | CF8: =IF(BT8=1,0,IFERROR(VLOOKUP(BR8,'Gebinde-Kategorie'!$A$5:$M$45,5,0)+0,0)) -> 20 | CG8: =IFERROR(IF(OR(BX8=1,BX8=2,BX8=3),N(INDEX(Parameter!$I$5:$I$7,BX8)),0),0) -> 0 | CH8: =IF(AND(Parameter!$B$21="Ja",ISNUMBER(W8),N(X8)>0),IFERROR(N(INDEX(Parameter!$L$5:$L$7,W8))*INDEX(Parameter!$E$5:$E$7,W8)*X8/SUMIFS($X$7:$X$1843,$W$7:$W$1843,W8),0),0) -> 0
A9: 111326 | B9: Luftblock BASE/SUB Spezial | C9: F | D9: PAL | F9: A | G9: 1980 | H9: =MAX(0,IF(AND(Parameter!$B$21="Ja",ISNUMBER(Y9)),Y9,IF(Parameter!$B$20="Jahresanfang 2025 + Export",BL9+BK9,BK9))) -> 32 | I9: =H9*G9 -> 63360 | J9: =BN9*Parameter!$B$18 -> 11 | K9: 0.5 | L9: 22 | M9: 2 | N9: 5 | O9: 80 | P9: LOSE | R9: =IF(BT9=1,0,IFERROR(VLOOKUP(BR9,'Gebinde-Kategorie'!$A$5:$M$45,13,0)+0,0)) -> 12 | T9: Mittel | Z9: =IF(A9="","",IF(AND(Parameter!$B$21="Ja",ISNUMBER(W9)),W9,IF(BV9="2+3",IF(ISNUMBER(SEARCH("grosser Artikel",BO9)),2,IFERROR(VLOOKUP(BR9,Parameter!$F$35:$G$64,2,0),2)),IF(OR(BV9="Nein",BV9=""),"-",BV9)))) -> 2 | AC9: =AR9 -> 32 | AD9: =MAX(AR9,H9) -> 32 | AF9: =IF(LEFT(Cockpit!$C$5,1)="A",H9,IF(CA9=1,CB9,IF(LEFT(Cockpit!$C$5,1)="B",AJ9,MAX(AJ9,H9)))) -> 32 | AG9: =IF(BT9=1,0,ROUNDUP(AF9/BS9,0)) -> 1 | AH9: =IF(CH9>0,CH9*MAX(1,AF9/X9),IF(BT9=1,IF(AF9<=0,0,BW9*MAX(1,IF(H9>0,AF9/H9,1))),IF(R9>0,AG9/R9,0))/MAX(0.1,N(Parameter!$M$21))) -> 0.083333333 | AI9: =AF9*G9 -> 63360 | AJ9: =ROUNDUP(MAX(J9/IF(BZ9>0,BZ9,MAX(0.1,N(Cockpit!$C$6))),CC9)/BS9,0)*BS9 -> 32 | AK9: =IF(AH9>0,J9/AH9,-1) -> 132 | AL9: =IF(AND(OR(BY9="L1",BY9="L23"),AH9>0),SUMIFS($AH$7:$AH$1843,$BY$7:$BY$1843,BY9,$AK$7:$AK$1843,">"&AK9)+SUMIFS($AH$7:$AH$1843,$BY$7:$BY$1843,BY9,$AK$7:$AK$1843,AK9,$BQ$7:$BQ$1843,"<="&BQ9),"") -> 35.758539 | AM9: =IF(AL9="",0,MAX(0,MIN(1,(IF(BY9="L1",Parameter!$E$5,Parameter!$E$6+Parameter!$E$7)-(AL9-AH9))/AH9))) -> 1 | AN9: =IF(LEFT(Cockpit!$I$5,1)="A",H9,IF(CA9=1,CB9,IF(LEFT(Cockpit!$I$5,1)="B",AR9,MAX(AR9,H9)))) -> 32 | AO9: =IF(BT9=1,0,ROUNDUP(AN9/BS9,0)) -> 1 | AP9: =IF(CH9>0,CH9*MAX(1,AN9/X9),IF(BT9=1,IF(AN9<=0,0,BW9*MAX(1,IF(H9>0,AN9/H9,1))),IF(R9>0,AO9/R9,0))/MAX(0.1,N(Parameter!$M$21))) -> 0.083333333 | AQ9: =AN9*G9 -> 63360 | AR9: =ROUNDUP(MAX(J9/IF(BZ9>0,BZ9,MAX(0.1,N(Cockpit!$I$6))),CC9)/BS9,0)*BS9 -> 32 | AS9: =IF(AP9>0,J9/AP9,-1) -> 132 | AT9: =IF(AND(OR(BY9="L1",BY9="L23"),AP9>0),SUMIFS($AP$7:$AP$1843,$BY$7:$BY$1843,BY9,$AS$7:$AS$1843,">"&AS9)+SUMIFS($AP$7:$AP$1843,$BY$7:$BY$1843,BY9,$AS$7:$AS$1843,AS9,$BQ$7:$BQ$1843,"<="&BQ9),"") -> 51.657604 | AU9: =IF(AT9="",0,MAX(0,MIN(1,(IF(BY9="L1",Parameter!$E$5,Parameter!$E$6+Parameter!$E$7)-(AT9-AP9))/AP9))) -> 1 | AV9: =IF(LEFT(Cockpit!$O$5,1)="A",H9,IF(CA9=1,CB9,IF(LEFT(Cockpit!$O$5,1)="B",AZ9,MAX(AZ9,H9)))) -> 32 | AW9: =IF(BT9=1,0,ROUNDUP(AV9/BS9,0)) -> 1 | AX9: =IF(CH9>0,CH9*MAX(1,AV9/X9),IF(BT9=1,IF(AV9<=0,0,BW9*MAX(1,IF(H9>0,AV9/H9,1))),IF(R9>0,AW9/R9,0))/MAX(0.1,N(Parameter!$M$21))) -> 0.083333333 | AY9: =AV9*G9 -> 63360 | AZ9: =ROUNDUP(MAX(J9/IF(BZ9>0,BZ9,MAX(0.1,N(Cockpit!$O$6))),CC9)/BS9,0)*BS9 -> 32 | BA9: =IF(AX9>0,J9/AX9,-1) -> 132 | BB9: =IF(AND(OR(BY9="L1",BY9="L23"),AX9>0),SUMIFS($AX$7:$AX$1843,$BY$7:$BY$1843,BY9,$BA$7:$BA$1843,">"&BA9)+SUMIFS($AX$7:$AX$1843,$BY$7:$BY$1843,BY9,$BA$7:$BA$1843,BA9,$BQ$7:$BQ$1843,"<="&BQ9),"") -> 48.237441 | BC9: =IF(BB9="",0,MAX(0,MIN(1,(IF(BY9="L1",Parameter!$E$5,Parameter!$E$6+Parameter!$E$7)-(BB9-AX9))/AX9))) -> 1 | BD9: =IF(AH9<=0,"",IF(BY9="Aussen","Aussenlager",IF(BY9="-","Nicht im Lift",IF(AM9>=1,"Lift",IF(AM9<=0,"Aussenlager","teilweise"))))) -> Lift | BE9: =IF(AP9<=0,"",IF(BY9="Aussen","Aussenlager",IF(BY9="-","Nicht im Lift",IF(AU9>=1,"Lift",IF(AU9<=0,"Aussenlager","teilweise"))))) -> Lift | BF9: =IF(AX9<=0,"",IF(BY9="Aussen","Aussenlager",IF(BY9="-","Nicht im Lift",IF(BC9>=1,"Lift",IF(BC9<=0,"Aussenlager","teilweise"))))) -> Lift | BG9: =IF(A9="","",IF(BP9=1,"Neu; ","")&IF(AND(BP9=0,BK9<0),"negativer Bestand (Export "&BK9&"); ","")&IF(J9<=0,"Kein Verbrauch; ","")&IF(CH9>0,"Lift "&W9&" lt. Liftbericht (Fach "&X9&" Stk); ",IF(BU9=1,"Gebinde geschätzt ("&T9&"); ",IF(BT9=1,"Lose – Tablare geschätzt; ","")))&IF(H9>AR9,"Überbestand "&ROUND(H9-AR9,0)&" Stk / CHF "&ROUND((H9-AR9)*G9,0)&"; ","")&IF(AND(CA9=1,CB9<CC9),"MAX < MB+LG; ","")&IF(AND(CG9>0,CF9*10>CG9),"zu hoch für Tablar; ","")&IF(AND(BP9=0,OR(CA9=1,AA9<>"",U9<>"",V9<>"",AB9<>"")),"manuell übersteuert; ","")&IF(AND(BT9=0,R9=0),"Gebinde unbekannt / Stellmass fehlt; ","")&IF(AND(BT9=0,N(V9)<=0,N(Q9)<=0),"Menge pro Gebinde fehlt (Ist = 1 Gebinde); ","")&BO9) -> Gebinde geschätzt (Mittel); Menge pro Gebinde fehlt (Ist = 1 Gebinde); | BK9: 32 | BL9: 0 | BM9: 63360 | BN9: 11 | BP9: 0 | BQ9: 9 | BR9: =IF(U9<>"",UPPER(TRIM(U9)),IF(BU9=1,UPPER(VLOOKUP(T9,Parameter!$I$27:$K$29,2,0)),IF(P9="","LOSE",P9))) -> S61 | BS9: =IF(BR9="LOSE",1,IF(N(V9)>0,V9,IF(BU9=1,MAX(1,N(VLOOKUP(T9,Parameter!$I$27:$K$29,3,0)),H9,N(N9)),IF(N(Q9)>0,Q9,MAX(1,H9))))) -> 32 | BT9: =IF(BR9="LOSE",1,0) -> 0 | BU9: =IF(AND(U9="",OR(P9="",P9="LOSE"),T9<>"",N(S9)<=0,ISNUMBER(MATCH(T9,Parameter!$I$27:$I$29,0))),1,0) -> 1 | BV9: =IF(AND(Parameter!$B$19="Ja",E9<>"",ISNUMBER(MATCH(E9,Parameter!$I$35:$I$52,0))),VLOOKUP(E9,Parameter!$I$35:$J$52,2,0),IFERROR(VLOOKUP(D9,Parameter!$A$35:$C$64,2,0),"Nein")) -> 2+3 | BW9: =IF(BT9=0,0,IF(N(S9)>0,S9,IFERROR(VLOOKUP(D9,Parameter!$A$35:$C$64,3,0)+0,0))) -> 0 | BX9: =IF(AA9<>"",AA9,Z9) -> 2 | BY9: =IF(BX9=1,"L1",IF(OR(BX9=2,BX9=3),"L23",IF(BX9="Aussen","Aussen","-"))) -> L23 | BZ9: =IF(N(AB9)>0,AB9,0) -> 0 | CA9: =IF(ISNUMBER(AE9),1,0) -> 0 | CB9: =N(AE9) -> 0 | CC9: =N(M9)+N(N9) -> 7 | CD9: =ROUNDUP(H9/BS9,0) -> 1 | CE9: =ROUNDUP(CB9/BS9,0) -> 0 | CF9: =IF(BT9=1,0,IFERROR(VLOOKUP(BR9,'Gebinde-Kategorie'!$A$5:$M$45,5,0)+0,0)) -> 11 | CG9: =IFERROR(IF(OR(BX9=1,BX9=2,BX9=3),N(INDEX(Parameter!$I$5:$I$7,BX9)),0),0) -> 0 | CH9: =IF(AND(Parameter!$B$21="Ja",ISNUMBER(W9),N(X9)>0),IFERROR(N(INDEX(Parameter!$L$5:$L$7,W9))*INDEX(Parameter!$E$5:$E$7,W9)*X9/SUMIFS($X$7:$X$1843,$W$7:$W$1843,W9),0),0) -> 0
A10: 110337 | B10: Ventilpanel SPGr BASE komplett | C10: F | D10: PAL | F10: A | G10: 5151.64 | H10: =MAX(0,IF(AND(Parameter!$B$21="Ja",ISNUMBER(Y10)),Y10,IF(Parameter!$B$20="Jahresanfang 2025 + Export",BL10+BK10,BK10))) -> 11 | I10: =H10*G10 -> 56668.04 | J10: =BN10*Parameter!$B$18 -> 20 | K10: 12 | L10: 1.6666667 | M10: 5 | N10: 5 | O10: 28 | P10: LOSE | R10: =IF(BT10=1,0,IFERROR(VLOOKUP(BR10,'Gebinde-Kategorie'!$A$5:$M$45,13,0)+0,0)) -> 12 | T10: Mittel | Z10: =IF(A10="","",IF(AND(Parameter!$B$21="Ja",ISNUMBER(W10)),W10,IF(BV10="2+3",IF(ISNUMBER(SEARCH("grosser Artikel",BO10)),2,IFERROR(VLOOKUP(BR10,Parameter!$F$35:$G$64,2,0),2)),IF(OR(BV10="Nein",BV10=""),"-",BV10)))) -> 2 | AC10: =AR10 -> 11 | AD10: =MAX(AR10,H10) -> 11 | AF10: =IF(LEFT(Cockpit!$C$5,1)="A",H10,IF(CA10=1,CB10,IF(LEFT(Cockpit!$C$5,1)="B",AJ10,MAX(AJ10,H10)))) -> 11 | AG10: =IF(BT10=1,0,ROUNDUP(AF10/BS10,0)) -> 1 | AH10: =IF(CH10>0,CH10*MAX(1,AF10/X10),IF(BT10=1,IF(AF10<=0,0,BW10*MAX(1,IF(H10>0,AF10/H10,1))),IF(R10>0,AG10/R10,0))/MAX(0.1,N(Parameter!$M$21))) -> 0.083333333 | AI10: =AF10*G10 -> 56668.04 | AJ10: =ROUNDUP(MAX(J10/IF(BZ10>0,BZ10,MAX(0.1,N(Cockpit!$C$6))),CC10)/BS10,0)*BS10 -> 11 | AK10: =IF(AH10>0,J10/AH10,-1) -> 240 | AL10: =IF(AND(OR(BY10="L1",BY10="L23"),AH10>0),SUMIFS($AH$7:$AH$1843,$BY$7:$BY$1843,BY10,$AK$7:$AK$1843,">"&AK10)+SUMIFS($AH$7:$AH$1843,$BY$7:$BY$1843,BY10,$AK$7:$AK$1843,AK10,$BQ$7:$BQ$1843,"<="&BQ10),"") -> 29.983776 | AM10: =IF(AL10="",0,MAX(0,MIN(1,(IF(BY10="L1",Parameter!$E$5,Parameter!$E$6+Parameter!$E$7)-(AL10-AH10))/AH10))) -> 1 | AN10: =IF(LEFT(Cockpit!$I$5,1)="A",H10,IF(CA10=1,CB10,IF(LEFT(Cockpit!$I$5,1)="B",AR10,MAX(AR10,H10)))) -> 11 | AO10: =IF(BT10=1,0,ROUNDUP(AN10/BS10,0)) -> 1 | AP10: =IF(CH10>0,CH10*MAX(1,AN10/X10),IF(BT10=1,IF(AN10<=0,0,BW10*MAX(1,IF(H10>0,AN10/H10,1))),IF(R10>0,AO10/R10,0))/MAX(0.1,N(Parameter!$M$21))) -> 0.083333333 | AQ10: =AN10*G10 -> 56668.04 | AR10: =ROUNDUP(MAX(J10/IF(BZ10>0,BZ10,MAX(0.1,N(Cockpit!$I$6))),CC10)/BS10,0)*BS10 -> 11 | AS10: =IF(AP10>0,J10/AP10,-1) -> 240 | AT10: =IF(AND(OR(BY10="L1",BY10="L23"),AP10>0),SUMIFS($AP$7:$AP$1843,$BY$7:$BY$1843,BY10,$AS$7:$AS$1843,">"&AS10)+SUMIFS($AP$7:$AP$1843,$BY$7:$BY$1843,BY10,$AS$7:$AS$1843,AS10,$BQ$7:$BQ$1843,"<="&BQ10),"") -> 42.962096 | AU10: =IF(AT10="",0,MAX(0,MIN(1,(IF(BY10="L1",Parameter!$E$5,Parameter!$E$6+Parameter!$E$7)-(AT10-AP10))/AP10))) -> 1 | AV10: =IF(LEFT(Cockpit!$O$5,1)="A",H10,IF(CA10=1,CB10,IF(LEFT(Cockpit!$O$5,1)="B",AZ10,MAX(AZ10,H10)))) -> 11 | AW10: =IF(BT10=1,0,ROUNDUP(AV10/BS10,0)) -> 1 | AX10: =IF(CH10>0,CH10*MAX(1,AV10/X10),IF(BT10=1,IF(AV10<=0,0,BW10*MAX(1,IF(H10>0,AV10/H10,1))),IF(R10>0,AW10/R10,0))/MAX(0.1,N(Parameter!$M$21))) -> 0.083333333 | AY10: =AV10*G10 -> 56668.04 | AZ10: =ROUNDUP(MAX(J10/IF(BZ10>0,BZ10,MAX(0.1,N(Cockpit!$O$6))),CC10)/BS10,0)*BS10 -> 11 | BA10: =IF(AX10>0,J10/AX10,-1) -> 240 | BB10: =IF(AND(OR(BY10="L1",BY10="L23"),AX10>0),SUMIFS($AX$7:$AX$1843,$BY$7:$BY$1843,BY10,$BA$7:$BA$1843,">"&BA10)+SUMIFS($AX$7:$AX$1843,$BY$7:$BY$1843,BY10,$BA$7:$BA$1843,BA10,$BQ$7:$BQ$1843,"<="&BQ10),"") -> 40.208599 | BC10: =IF(BB10="",0,MAX(0,MIN(1,(IF(BY10="L1",Parameter!$E$5,Parameter!$E$6+Parameter!$E$7)-(BB10-AX10))/AX10))) -> 1 | BD10: =IF(AH10<=0,"",IF(BY10="Aussen","Aussenlager",IF(BY10="-","Nicht im Lift",IF(AM10>=1,"Lift",IF(AM10<=0,"Aussenlager","teilweise"))))) -> Lift | BE10: =IF(AP10<=0,"",IF(BY10="Aussen","Aussenlager",IF(BY10="-","Nicht im Lift",IF(AU10>=1,"Lift",IF(AU10<=0,"Aussenlager","teilweise"))))) -> Lift | BF10: =IF(AX10<=0,"",IF(BY10="Aussen","Aussenlager",IF(BY10="-","Nicht im Lift",IF(BC10>=1,"Lift",IF(BC10<=0,"Aussenlager","teilweise"))))) -> Lift | BG10: =IF(A10="","",IF(BP10=1,"Neu; ","")&IF(AND(BP10=0,BK10<0),"negativer Bestand (Export "&BK10&"); ","")&IF(J10<=0,"Kein Verbrauch; ","")&IF(CH10>0,"Lift "&W10&" lt. Liftbericht (Fach "&X10&" Stk); ",IF(BU10=1,"Gebinde geschätzt ("&T10&"); ",IF(BT10=1,"Lose – Tablare geschätzt; ","")))&IF(H10>AR10,"Überbestand "&ROUND(H10-AR10,0)&" Stk / CHF "&ROUND((H10-AR10)*G10,0)&"; ","")&IF(AND(CA10=1,CB10<CC10),"MAX < MB+LG; ","")&IF(AND(CG10>0,CF10*10>CG10),"zu hoch für Tablar; ","")&IF(AND(BP10=0,OR(CA10=1,AA10<>"",U10<>"",V10<>"",AB10<>"")),"manuell übersteuert; ","")&IF(AND(BT10=0,R10=0),"Gebinde unbekannt / Stellmass fehlt; ","")&IF(AND(BT10=0,N(V10)<=0,N(Q10)<=0),"Menge pro Gebinde fehlt (Ist = 1 Gebinde); ","")&BO10) -> Gebinde geschätzt (Mittel); Menge pro Gebinde fehlt (Ist = 1 Gebinde); | BK10: 11 | BL10: 0 | BM10: 56668.07 | BN10: 20 | BP10: 0 | BQ10: 10 | BR10: =IF(U10<>"",UPPER(TRIM(U10)),IF(BU10=1,UPPER(VLOOKUP(T10,Parameter!$I$27:$K$29,2,0)),IF(P10="","LOSE",P10))) -> S61 | BS10: =IF(BR10="LOSE",1,IF(N(V10)>0,V10,IF(BU10=1,MAX(1,N(VLOOKUP(T10,Parameter!$I$27:$K$29,3,0)),H10,N(N10)),IF(N(Q10)>0,Q10,MAX(1,H10))))) -> 11 | BT10: =IF(BR10="LOSE",1,0) -> 0 | BU10: =IF(AND(U10="",OR(P10="",P10="LOSE"),T10<>"",N(S10)<=0,ISNUMBER(MATCH(T10,Parameter!$I$27:$I$29,0))),1,0) -> 1 | BV10: =IF(AND(Parameter!$B$19="Ja",E10<>"",ISNUMBER(MATCH(E10,Parameter!$I$35:$I$52,0))),VLOOKUP(E10,Parameter!$I$35:$J$52,2,0),IFERROR(VLOOKUP(D10,Parameter!$A$35:$C$64,2,0),"Nein")) -> 2+3 | BW10: =IF(BT10=0,0,IF(N(S10)>0,S10,IFERROR(VLOOKUP(D10,Parameter!$A$35:$C$64,3,0)+0,0))) -> 0 | BX10: =IF(AA10<>"",AA10,Z10) -> 2 | BY10: =IF(BX10=1,"L1",IF(OR(BX10=2,BX10=3),"L23",IF(BX10="Aussen","Aussen","-"))) -> L23 | BZ10: =IF(N(AB10)>0,AB10,0) -> 0 | CA10: =IF(ISNUMBER(AE10),1,0) -> 0 | CB10: =N(AE10) -> 0 | CC10: =N(M10)+N(N10) -> 10 | CD10: =ROUNDUP(H10/BS10,0) -> 1 | CE10: =ROUNDUP(CB10/BS10,0) -> 0 | CF10: =IF(BT10=1,0,IFERROR(VLOOKUP(BR10,'Gebinde-Kategorie'!$A$5:$M$45,5,0)+0,0)) -> 11 | CG10: =IFERROR(IF(OR(BX10=1,BX10=2,BX10=3),N(INDEX(Parameter!$I$5:$I$7,BX10)),0),0) -> 0 | CH10: =IF(AND(Parameter!$B$21="Ja",ISNUMBER(W10),N(X10)>0),IFERROR(N(INDEX(Parameter!$L$5:$L$7,W10))*INDEX(Parameter!$E$5:$E$7,W10)*X10/SUMIFS($X$7:$X$1843,$W$7:$W$1843,W10),0),0) -> 0
A11: 005086 | B11: SPS Grundgerät EG101 | C11: F | D11: KTL | E11: Kardex Kleinteil | F11: A | G11: 308.41 | H11: =MAX(0,IF(AND(Parameter!$B$21="Ja",ISNUMBER(Y11)),Y11,IF(Parameter!$B$20="Jahresanfang 2025 + Export",BL11+BK11,BK11))) -> 174 | I11: =H11*G11 -> 53663.34 | J11: =BN11*Parameter!$B$18 -> 1 | K11: 6 | L11: 0.16666667 | M11: 0 | N11: 1 | O11: 14 | P11: S61 | Q11: 6 | R11: =IF(BT11=1,0,IFERROR(VLOOKUP(BR11,'Gebinde-Kategorie'!$A$5:$M$45,13,0)+0,0)) -> 12 | Z11: =IF(A11="","",IF(AND(Parameter!$B$21="Ja",ISNUMBER(W11)),W11,IF(BV11="2+3",IF(ISNUMBER(SEARCH("grosser Artikel",BO11)),2,IFERROR(VLOOKUP(BR11,Parameter!$F$35:$G$64,2,0),2)),IF(OR(BV11="Nein",BV11=""),"-",BV11)))) -> 2 | AC11: =AR11 -> 6 | AD11: =MAX(AR11,H11) -> 174 | AF11: =IF(LEFT(Cockpit!$C$5,1)="A",H11,IF(CA11=1,CB11,IF(LEFT(Cockpit!$C$5,1)="B",AJ11,MAX(AJ11,H11)))) -> 174 | AG11: =IF(BT11=1,0,ROUNDUP(AF11/BS11,0)) -> 29 | AH11: =IF(CH11>0,CH11*MAX(1,AF11/X11),IF(BT11=1,IF(AF11<=0,0,BW11*MAX(1,IF(H11>0,AF11/H11,1))),IF(R11>0,AG11/R11,0))/MAX(0.1,N(Parameter!$M$21))) -> 2.4166667 | AI11: =AF11*G11 -> 53663.34 | AJ11: =ROUNDUP(MAX(J11/IF(BZ11>0,BZ11,MAX(0.1,N(Cockpit!$C$6))),CC11)/BS11,0)*BS11 -> 6 | AK11: =IF(AH11>0,J11/AH11,-1) -> 0.4137931 | AL11: =IF(AND(OR(BY11="L1",BY11="L23"),AH11>0),SUMIFS($AH$7:$AH$1843,$BY$7:$BY$1843,BY11,$AK$7:$AK$1843,">"&AK11)+SUMIFS($AH$7:$AH$1843,$BY$7:$BY$1843,BY11,$AK$7:$AK$1843,AK11,$BQ$7:$BQ$1843,"<="&BQ11),"") -> 65.242027 | AM11: =IF(AL11="",0,MAX(0,MIN(1,(IF(BY11="L1",Parameter!$E$5,Parameter!$E$6+Parameter!$E$7)-(AL11-AH11))/AH11))) -> 1 | AN11: =IF(LEFT(Cockpit!$I$5,1)="A",H11,IF(CA11=1,CB11,IF(LEFT(Cockpit!$I$5,1)="B",AR11,MAX(AR11,H11)))) -> 174 | AO11: =IF(BT11=1,0,ROUNDUP(AN11/BS11,0)) -> 29 | AP11: =IF(CH11>0,CH11*MAX(1,AN11/X11),IF(BT11=1,IF(AN11<=0,0,BW11*MAX(1,IF(H11>0,AN11/H11,1))),IF(R11>0,AO11/R11,0))/MAX(0.1,N(Parameter!$M$21))) -> 2.4166667 | AQ11: =AN11*G11 -> 53663.34 | AR11: =ROUNDUP(MAX(J11/IF(BZ11>0,BZ11,MAX(0.1,N(Cockpit!$I$6))),CC11)/BS11,0)*BS11 -> 6 | AS11: =IF(AP11>0,J11/AP11,-1) -> 0.4137931 | AT11: =IF(AND(OR(BY11="L1",BY11="L23"),AP11>0),SUMIFS($AP$7:$AP$1843,$BY$7:$BY$1843,BY11,$AS$7:$AS$1843,">"&AS11)+SUMIFS($AP$7:$AP$1843,$BY$7:$BY$1843,BY11,$AS$7:$AS$1843,AS11,$BQ$7:$BQ$1843,"<="&BQ11),"") -> 104.33282 | AU11: =IF(AT11="",0,MAX(0,MIN(1,(IF(BY11="L1",Parameter!$E$5,Parameter!$E$6+Parameter!$E$7)-(AT11-AP11))/AP11))) -> 0 | AV11: =IF(LEFT(Cockpit!$O$5,1)="A",H11,IF(CA11=1,CB11,IF(LEFT(Cockpit!$O$5,1)="B",AZ11,MAX(AZ11,H11)))) -> 174 | AW11: =IF(BT11=1,0,ROUNDUP(AV11/BS11,0)) -> 29 | AX11: =IF(CH11>0,CH11*MAX(1,AV11/X11),IF(BT11=1,IF(AV11<=0,0,BW11*MAX(1,IF(H11>0,AV11/H11,1))),IF(R11>0,AW11/R11,0))/MAX(0.1,N(Parameter!$M$21))) -> 2.4166667 | AY11: =AV11*G11 -> 53663.34 | AZ11: =ROUNDUP(MAX(J11/IF(BZ11>0,BZ11,MAX(0.1,N(Cockpit!$O$6))),CC11)/BS11,0)*BS11 -> 6 | BA11: =IF(AX11>0,J11/AX11,-1) -> 0.4137931 | BB11: =IF(AND(OR(BY11="L1",BY11="L23"),AX11>0),SUMIFS($AX$7:$AX$1843,$BY$7:$BY$1843,BY11,$BA$7:$BA$1843,">"&BA11)+SUMIFS($AX$7:$AX$1843,$BY$7:$BY$1843,BY11,$BA$7:$BA$1843,BA11,$BQ$7:$BQ$1843,"<="&BQ11),"") -> 95.162655 | BC11: =IF(BB11="",0,MAX(0,MIN(1,(IF(BY11="L1",Parameter!$E$5,Parameter!$E$6+Parameter!$E$7)-(BB11-AX11))/AX11))) -> 1 | BD11: =IF(AH11<=0,"",IF(BY11="Aussen","Aussenlager",IF(BY11="-","Nicht im Lift",IF(AM11>=1,"Lift",IF(AM11<=0,"Aussenlager","teilweise"))))) -> Lift | BE11: =IF(AP11<=0,"",IF(BY11="Aussen","Aussenlager",IF(BY11="-","Nicht im Lift",IF(AU11>=1,"Lift",IF(AU11<=0,"Aussenlager","teilweise"))))) -> Aussenlager | BF11: =IF(AX11<=0,"",IF(BY11="Aussen","Aussenlager",IF(BY11="-","Nicht im Lift",IF(BC11>=1,"Lift",IF(BC11<=0,"Aussenlager","teilweise"))))) -> Lift | BG11: =IF(A11="","",IF(BP11=1,"Neu; ","")&IF(AND(BP11=0,BK11<0),"negativer Bestand (Export "&BK11&"); ","")&IF(J11<=0,"Kein Verbrauch; ","")&IF(CH11>0,"Lift "&W11&" lt. Liftbericht (Fach "&X11&" Stk); ",IF(BU11=1,"Gebinde geschätzt ("&T11&"); ",IF(BT11=1,"Lose – Tablare geschätzt; ","")))&IF(H11>AR11,"Überbestand "&ROUND(H11-AR11,0)&" Stk / CHF "&ROUND((H11-AR11)*G11,0)&"; ","")&IF(AND(CA11=1,CB11<CC11),"MAX < MB+LG; ","")&IF(AND(CG11>0,CF11*10>CG11),"zu hoch für Tablar; ","")&IF(AND(BP11=0,OR(CA11=1,AA11<>"",U11<>"",V11<>"",AB11<>"")),"manuell übersteuert; ","")&IF(AND(BT11=0,R11=0),"Gebinde unbekannt / Stellmass fehlt; ","")&IF(AND(BT11=0,N(V11)<=0,N(Q11)<=0),"Menge pro Gebinde fehlt (Ist = 1 Gebinde); ","")&BO11) -> Überbestand 168 Stk / CHF 51813; | BK11: 167 | BL11: 7 | BM11: 51492.01 | BN11: 1 | BP11: 0 | BQ11: 11 | BR11: =IF(U11<>"",UPPER(TRIM(U11)),IF(BU11=1,UPPER(VLOOKUP(T11,Parameter!$I$27:$K$29,2,0)),IF(P11="","LOSE",P11))) -> S61 | BS11: =IF(BR11="LOSE",1,IF(N(V11)>0,V11,IF(BU11=1,MAX(1,N(VLOOKUP(T11,Parameter!$I$27:$K$29,3,0)),H11,N(N11)),IF(N(Q11)>0,Q11,MAX(1,H11))))) -> 6 | BT11: =IF(BR11="LOSE",1,0) -> 0 | BU11: =IF(AND(U11="",OR(P11="",P11="LOSE"),T11<>"",N(S11)<=0,ISNUMBER(MATCH(T11,Parameter!$I$27:$I$29,0))),1,0) -> 0 | BV11: =IF(AND(Parameter!$B$19="Ja",E11<>"",ISNUMBER(MATCH(E11,Parameter!$I$35:$I$52,0))),VLOOKUP(E11,Parameter!$I$35:$J$52,2,0),IFERROR(VLOOKUP(D11,Parameter!$A$35:$C$64,2,0),"Nein")) -> 2+3 | BW11: =IF(BT11=0,0,IF(N(S11)>0,S11,IFERROR(VLOOKUP(D11,Parameter!$A$35:$C$64,3,0)+0,0))) -> 0 | BX11: =IF(AA11<>"",AA11,Z11) -> 2 | BY11: =IF(BX11=1,"L1",IF(OR(BX11=2,BX11=3),"L23",IF(BX11="Aussen","Aussen","-"))) -> L23 | BZ11: =IF(N(AB11)>0,AB11,0) -> 0 | CA11: =IF(ISNUMBER(AE11),1,0) -> 0 | CB11: =N(AE11) -> 0 | CC11: =N(M11)+N(N11) -> 1 | CD11: =ROUNDUP(H11/BS11,0) -> 29 | CE11: =ROUNDUP(CB11/BS11,0) -> 0 | CF11: =IF(BT11=1,0,IFERROR(VLOOKUP(BR11,'Gebinde-Kategorie'!$A$5:$M$45,5,0)+0,0)) -> 11 | CG11: =IFERROR(IF(OR(BX11=1,BX11=2,BX11=3),N(INDEX(Parameter!$I$5:$I$7,BX11)),0),0) -> 0 | CH11: =IF(AND(Parameter!$B$21="Ja",ISNUMBER(W11),N(X11)>0),IFERROR(N(INDEX(Parameter!$L$5:$L$7,W11))*INDEX(Parameter!$E$5:$E$7,W11)*X11/SUMIFS($X$7:$X$1843,$W$7:$W$1843,W11),0),0) -> 0
